No,round,date,n1,n2,n3,n4,n5,n6,bonus,rank,winners,amount
1,1242,2026-09-19,2,4,10,16,31,41,9,1,9,3281029250
2,1241,2026-09-12,7,13,16,23,24,43,9,1,18,1628391980
3,1240,2026-09-05,11,13,19,20,31,44,27,1,16,1791817758
4,1239,2026-08-29,11,13,22,32,33,36,8,1,13,22147889375
5,1238,2026-08-22,2,13,18,32,38,42,22,1,23,1197258718
6,1237,2026-08-16,10,20,23,34,37,40,36,1,23,1214932680
7,1236,2026-08-08,12,18,21,29,34,38,10,1,11,2441919375
8,1235,2026-08-01,6,7,11,15,39,43,20,1,9,3090961625
9,1234,2026-07-25,1,15,19,31,35,43,27,1,18,1595129563
10,1233,2026-07-18,2,7,20,25,37,40,29,1,31,837965396
11,1232,2026-07-11,12,15,19,22,24,36,3,1,11,2533260819
12,1231,2026-07-04,4,13,14,18,31,38,15,1,17,1652990074
13,1230,2026-06-27,3,8,9,22,28,42,45,1,16,1771357196
14,1229,2026-06-20,12,13,29,34,37,42,16,1,8,35719759000
15,1228,2026-06-13,24,29,30,31,35,44,1,1,11,2698334421
16,1227,2026-06-06,1,14,16,34,41,44,13,1,11,2674808455
17,1226,2026-05-30,4,6,13,17,26,28,41,1,10,2815230113
18,1225,2026-05-23,8,9,19,25,41,42,33,1,13,2228133087
19,1224,2026-05-16,9,18,21,27,44,45,28,1,12,2414855250
20,1223,2026-05-09,16,18,20,32,33,39,26,1,16,1857554133
21,1222,2026-05-02,4,11,17,22,32,41,34,1,24,1202986844
22,1221,2026-04-25,6,13,18,28,30,36,9,1,16,1830801165
23,1220,2026-04-18,2,22,25,28,34,43,16,1,14,2114514161
24,1219,2026-04-11,1,2,15,28,39,45,31,1,12,2508232844
25,1218,2026-04-04,3,28,31,32,42,45,25,1,18,1714482042
26,1217,2026-03-28,8,10,15,20,29,31,41,1,14,2179738018
27,1216,2026-03-21,3,10,14,15,23,24,25,1,14,2148654000
28,1215,2026-03-14,13,15,19,21,44,45,39,1,16,1998542133
29,1214,2026-03-07,10,15,19,27,30,33,14,1,12,2431577188
30,1213,2026-02-28,5,11,25,27,36,38,2,1,18,1740011646
31,1212,2026-02-21,5,8,25,31,41,44,45,1,12,2654089032
32,1211,2026-02-14,23,26,27,35,38,40,10,1,14,2370956036
33,1210,2026-02-07,1,7,9,17,27,38,31,1,24,1102298407
34,1209,2026-01-31,2,17,20,35,37,39,24,1,22,1371910466
35,1208,2026-01-24,6,27,30,36,38,42,25,1,6,5001713625
36,1207,2026-01-17,10,22,24,27,38,45,11,1,17,1733202949
37,1206,2026-01-10,1,3,17,26,27,42,23,1,15,1868807000
38,1205,2026-01-03,1,4,16,23,31,41,2,1,10,3226386263
39,1204,2025-12-27,8,16,28,30,31,44,27,1,18,1661007688
40,1203,2025-12-20,3,6,18,29,35,39,24,1,21,1368060733
41,1202,2025-12-13,5,12,21,33,37,40,7,1,14,1920410813
42,1201,2025-12-06,7,9,24,27,35,36,37,1,19,1414555718
43,1200,2025-11-29,1,2,4,16,20,32,45,1,12,2357299875
44,1199,2025-11-22,16,24,25,30,31,32,7,1,17,1695609839
45,1198,2025-11-15,26,30,33,38,39,41,21,1,10,2953686638
46,1197,2025-11-08,1,5,7,26,28,43,30,1,13,2205089827
47,1196,2025-11-01,8,12,15,29,40,45,14,1,15,2001627550
48,1195,2025-10-25,3,15,27,33,34,36,37,1,10,2939186738
49,1194,2025-10-18,3,13,15,24,33,37,2,1,28,985155349
50,1193,2025-10-11,6,9,16,19,24,28,17,1,16,1717013508
51,1192,2025-10-04,10,16,23,36,39,40,11,1,29,1079546587
52,1191,2025-09-27,1,4,11,12,20,41,2,1,18,1536334355
53,1190,2025-09-20,7,9,19,23,26,45,33,1,6,4622793813
54,1189,2025-09-13,9,19,29,35,37,38,31,1,13,2263651299
55,1188,2025-09-06,3,4,12,19,22,27,9,1,24,1074625172
56,1187,2025-08-30,5,13,26,29,37,40,42,1,11,2619380012
57,1186,2025-08-23,2,8,13,16,23,28,35,1,14,1985676911
58,1185,2025-08-16,6,17,22,28,29,32,38,1,12,2388695125
59,1184,2025-08-09,14,16,23,25,31,37,42,1,15,1910655600
60,1183,2025-08-02,4,15,17,23,27,36,31,1,13,2073966000
61,1182,2025-07-26,1,13,21,25,28,31,22,1,13,2124785424
62,1181,2025-07-19,8,10,14,20,33,41,28,1,17,1593643500
63,1180,2025-07-12,6,12,18,37,40,41,3,1,11,2535566421
64,1179,2025-07-05,3,16,18,24,40,44,21,1,13,2162821097
65,1178,2025-06-28,5,6,11,27,43,44,17,1,12,2391608407
66,1177,2025-06-21,3,7,15,16,19,43,21,1,6,4576672000
67,1176,2025-06-14,7,9,11,21,30,35,29,1,13,2052166154
68,1175,2025-06-07,3,4,6,8,32,42,31,1,20,1384026094
69,1174,2025-05-31,8,11,14,17,36,39,22,1,15,1910619425
70,1173,2025-05-24,1,5,18,20,30,35,3,1,24,1179946063
71,1172,2025-05-17,7,9,24,40,42,44,45,1,13,2203004452
72,1171,2025-05-10,3,6,7,11,12,17,19,1,21,1128345286
73,1170,2025-05-03,3,13,28,34,38,42,25,1,20,1386550969
74,1169,2025-04-26,5,12,24,26,39,42,20,1,10,2852735813
75,1168,2025-04-19,9,21,24,30,33,37,29,1,13,2136635914
76,1167,2025-04-12,8,23,31,35,39,40,24,1,10,2884087913
77,1166,2025-04-05,14,23,25,27,29,42,16,1,14,2072319938
78,1165,2025-03-29,6,7,27,29,38,45,17,1,13,2192485270
79,1164,2025-03-22,17,18,23,25,38,39,22,1,13,2193092164
80,1163,2025-03-15,2,13,15,16,33,43,4,1,15,1936891150
81,1162,2025-03-08,20,21,22,25,28,29,6,1,36,823931021
82,1161,2025-03-01,2,12,20,24,34,42,37,1,16,1792657969
83,1160,2025-02-22,7,13,18,36,39,45,19,1,12,2509359875
84,1159,2025-02-15,3,9,27,28,38,39,7,1,23,1284854250
85,1158,2025-02-08,21,25,27,32,37,38,20,1,21,1394358197
86,1157,2025-02-01,5,7,12,20,25,26,28,1,12,2257842157
87,1156,2025-01-25,30,31,34,39,41,45,7,1,21,1505207090
88,1155,2025-01-18,10,16,19,27,37,38,13,1,7,4066375179
89,1154,2025-01-11,4,8,22,26,32,38,27,1,15,1854965425
90,1153,2025-01-04,1,9,10,13,35,44,5,1,15,2027312925
91,1152,2024-12-28,30,31,32,35,36,37,5,1,35,874349668
92,1151,2024-12-21,2,3,9,15,27,29,8,1,17,1620503030
93,1150,2024-12-14,8,9,18,35,39,45,25,1,17,1570620309
94,1149,2024-12-07,8,15,19,21,32,36,38,1,17,1613380765
95,1148,2024-11-30,3,6,13,15,16,22,32,1,13,2073332308
96,1147,2024-11-23,7,11,24,26,27,37,32,1,8,3323422079
97,1146,2024-11-16,6,11,17,19,40,43,28,1,11,2526476353
98,1145,2024-11-09,2,11,31,33,37,44,32,1,9,3051630084
99,1144,2024-11-02,3,4,12,15,26,34,6,1,18,1489347375
100,1143,2024-10-26,10,16,17,27,28,36,6,1,11,2545657023
101,1142,2024-10-19,2,8,28,30,37,41,22,1,9,3117517709
102,1141,2024-10-12,7,11,12,21,26,35,20,1,11,2457758285
103,1140,2024-10-05,7,10,22,29,31,38,15,1,12,2279823938
104,1139,2024-09-28,5,12,15,30,37,40,18,1,13,2167490972
105,1138,2024-09-21,14,16,19,20,29,34,35,1,14,1902656786
106,1137,2024-09-14,4,9,12,15,33,45,26,1,14,2023447688
107,1136,2024-09-07,21,33,35,38,42,44,1,1,12,2314468157
108,1135,2024-08-31,1,6,13,19,21,33,4,1,9,2953726125
109,1134,2024-08-24,3,7,9,13,19,24,23,1,14,1755689384
110,1133,2024-08-17,13,14,20,28,29,34,23,1,13,2105079491
111,1132,2024-08-10,6,7,19,28,34,41,5,1,11,2404951807
112,1131,2024-08-03,1,2,6,14,27,38,33,1,17,1542367898
113,1130,2024-07-27,15,19,21,25,27,28,40,1,12,2263301219
114,1129,2024-07-20,5,10,11,17,28,34,22,1,11,2369567660
115,1128,2024-07-13,1,5,8,16,28,33,45,1,63,419925560
116,1127,2024-07-06,10,15,24,30,31,37,32,1,12,2267891969
117,1126,2024-06-29,4,5,9,11,37,40,7,1,11,2386382421
118,1125,2024-06-22,6,14,25,33,40,44,30,1,12,2195289188
119,1124,2024-06-15,3,8,17,30,33,34,28,1,10,2623327913
120,1123,2024-06-08,13,19,21,24,34,35,26,1,16,1731310711
121,1122,2024-06-01,3,6,21,30,34,35,22,1,11,2556266046
122,1121,2024-05-25,6,24,31,32,38,44,8,1,11,2524513262
123,1120,2024-05-18,2,19,26,31,38,41,34,1,11,2522163375
124,1119,2024-05-11,1,9,12,13,20,45,3,1,19,1396028764
125,1118,2024-05-04,11,13,14,15,16,45,3,1,19,1477445132
126,1117,2024-04-27,3,4,9,30,33,36,7,1,9,3028385542
127,1116,2024-04-20,15,16,17,25,30,31,32,1,10,2695000238
128,1115,2024-04-13,7,12,23,32,34,36,8,1,12,2257278282
129,1114,2024-04-06,10,16,19,32,33,38,3,1,17,1583813824
130,1113,2024-03-30,11,13,20,21,32,44,8,1,14,1987426822
131,1112,2024-03-23,16,20,26,36,42,44,24,1,10,2804455650
132,1111,2024-03-16,3,13,30,33,43,45,4,1,16,1714662540
133,1110,2024-03-09,3,7,11,20,22,41,24,1,16,1647392719
134,1109,2024-03-02,10,12,13,19,33,40,2,1,17,1584352875
135,1108,2024-02-24,7,19,26,37,39,44,27,1,14,1957990849
136,1107,2024-02-17,6,14,30,31,40,41,29,1,14,2025625233
137,1106,2024-02-10,1,3,4,29,42,45,36,1,11,2790462819
138,1105,2024-02-03,6,16,34,37,39,40,11,1,15,1834853800
139,1104,2024-01-27,1,7,21,30,35,38,2,1,15,1817193100
140,1103,2024-01-20,10,12,29,31,40,44,2,1,17,1574419633
141,1102,2024-01-13,13,14,22,26,37,38,20,1,20,1383591413
142,1101,2024-01-06,6,7,13,28,36,42,41,1,13,2100529500
143,1100,2023-12-30,17,26,29,30,31,43,12,1,13,2207575472
144,1099,2023-12-23,3,20,28,38,40,43,4,1,9,2959934125
145,1098,2023-12-16,12,16,21,24,41,43,15,1,13,1930461895
146,1097,2023-12-09,14,33,34,35,37,40,4,1,7,3864293090
147,1096,2023-12-02,1,12,16,19,23,43,34,1,10,2539391175
148,1095,2023-11-25,8,14,28,29,34,40,12,1,10,2617825575
149,1094,2023-11-18,6,7,15,22,26,40,41,1,12,2112854469
150,1093,2023-11-11,10,17,22,30,35,43,44,1,13,1967040750
151,1092,2023-11-04,7,18,19,26,33,45,37,1,16,1583289844
152,1091,2023-10-28,6,20,23,24,28,30,44,1,9,2898470459
153,1090,2023-10-21,12,19,21,29,40,45,1,1,11,2386494614
154,1089,2023-10-14,4,18,31,37,42,43,40,1,9,2978522167
155,1088,2023-10-07,11,21,22,30,39,44,31,1,11,2434697898
156,1087,2023-09-30,13,14,18,21,34,44,16,1,16,1732253602
157,1086,2023-09-23,11,16,25,27,35,36,37,1,17,1515913809
158,1085,2023-09-16,4,7,17,18,38,44,36,1,23,1073277473
159,1084,2023-09-09,8,12,13,29,33,42,5,1,15,1738764600
160,1083,2023-09-02,3,7,14,15,22,38,17,1,15,1713084525
161,1082,2023-08-26,21,26,27,32,34,42,31,1,7,3720489643
162,1081,2023-08-19,1,9,16,23,24,38,17,1,11,2343892944
163,1080,2023-08-12,13,16,23,31,36,44,38,1,7,3639444429
164,1079,2023-08-05,4,8,18,24,37,45,6,1,9,2712329417
165,1078,2023-07-29,6,10,11,14,36,38,43,1,12,2141604938
166,1077,2023-07-22,4,8,17,30,40,43,34,1,7,3570901018
167,1076,2023-07-15,3,7,9,33,36,37,10,1,9,2672689750
168,1075,2023-07-08,1,23,24,35,44,45,10,1,9,2896337167
169,1074,2023-07-01,1,6,20,27,28,41,15,1,12,2134763657
170,1073,2023-06-24,6,18,28,30,32,38,15,1,11,2345227603
171,1072,2023-06-17,16,18,20,23,32,43,27,1,12,2175006375
172,1071,2023-06-10,1,2,11,21,30,35,39,1,5,5183979750
173,1070,2023-06-03,3,6,14,22,30,41,36,1,14,1859116929
174,1069,2023-05-27,1,10,18,22,28,31,44,1,14,1863217554
175,1068,2023-05-20,4,7,19,26,33,35,3,1,19,1363929514
176,1067,2023-05-13,7,10,19,23,28,33,18,1,13,1981114010
177,1066,2023-05-06,6,11,16,19,21,32,45,1,15,1670947250
178,1065,2023-04-29,3,18,19,23,32,45,24,1,14,1852593938
179,1064,2023-04-22,3,6,9,18,22,35,14,1,19,1348168106
180,1063,2023-04-15,3,6,22,23,24,38,30,1,7,3770311875
181,1062,2023-04-08,20,31,32,40,41,45,12,1,7,3801933804
182,1061,2023-04-01,4,24,27,35,37,45,15,1,11,2422768773
183,1060,2023-03-25,3,10,24,33,38,45,36,1,28,898238907
184,1059,2023-03-18,7,10,22,25,34,40,27,1,13,2033168481
185,1058,2023-03-11,11,23,25,30,32,40,42,1,13,2058020250
186,1057,2023-03-04,8,13,19,27,40,45,12,1,17,1616069714
187,1056,2023-02-25,13,20,24,32,36,45,29,1,14,1969662456
188,1055,2023-02-18,4,7,12,14,22,33,31,1,11,2362815205
189,1054,2023-02-11,14,19,27,28,30,45,33,1,9,3147925709
190,1053,2023-02-04,22,26,29,30,34,45,15,1,7,4090367411
191,1052,2023-01-28,5,17,26,27,35,38,1,1,11,2341682762
192,1051,2023-01-21,21,26,30,32,33,35,44,1,18,1669558480
193,1050,2023-01-14,6,12,31,35,38,43,17,1,17,1535083280
194,1049,2023-01-07,3,5,13,20,21,37,17,1,15,1727810100
195,1048,2022-12-31,6,12,17,21,32,39,30,1,17,1612494508
196,1047,2022-12-24,2,20,33,40,42,44,32,1,9,2748797875
197,1046,2022-12-17,7,16,25,29,35,36,28,1,12,2011415719
198,1045,2022-12-10,6,14,15,19,21,41,37,1,13,1990060443
199,1044,2022-12-03,12,17,20,26,28,36,4,1,8,3136941235
200,1043,2022-11-26,3,5,12,22,26,31,19,1,17,1468646956
201,1042,2022-11-19,5,14,15,23,34,43,4,1,20,1240663669
202,1041,2022-11-12,6,7,9,11,17,18,45,1,25,935091165
203,1040,2022-11-05,8,16,26,29,31,36,11,1,7,3660482625
204,1039,2022-10-29,2,3,6,19,36,39,26,1,16,1585019672
205,1038,2022-10-22,7,16,24,27,37,44,2,1,15,1627457225
206,1037,2022-10-15,2,14,15,22,27,33,31,1,15,1708576825
207,1036,2022-10-08,2,5,22,32,34,45,39,1,9,2837323167
208,1035,2022-10-01,9,14,34,35,41,42,2,1,8,3231193735
209,1034,2022-09-24,26,31,32,33,38,40,11,1,9,2868856209
210,1033,2022-09-17,3,11,15,20,35,44,10,1,13,1913414943
211,1032,2022-09-10,1,6,12,19,36,42,28,1,10,2675257538
212,1031,2022-09-03,6,7,22,32,35,36,19,1,8,3213957563
213,1030,2022-08-27,2,5,11,17,24,29,9,1,19,1276406507
214,1029,2022-08-20,12,30,32,37,39,41,24,1,10,2527848450
215,1028,2022-08-13,5,7,12,13,18,35,23,1,20,1181235132
216,1027,2022-08-06,14,16,27,35,39,45,5,1,10,2460504338
217,1026,2022-07-30,5,12,13,31,32,41,34,1,15,1619118475
218,1025,2022-07-23,8,9,20,25,29,33,7,1,4,6118853344
219,1024,2022-07-16,9,18,20,22,38,44,10,1,8,3020323500
220,1023,2022-07-09,10,14,16,18,29,35,25,1,9,2745677875
221,1022,2022-07-02,5,6,11,29,42,45,28,1,5,4866468075
222,1021,2022-06-25,12,15,17,24,29,45,16,1,12,2108962250
223,1020,2022-06-18,12,27,29,38,41,45,6,1,13,1966431520
224,1019,2022-06-11,1,4,13,17,34,39,6,1,50,438565140
225,1018,2022-06-04,3,19,21,25,37,45,35,1,2,12361744688
226,1017,2022-05-28,12,18,22,23,30,34,32,1,7,3517684822
227,1016,2022-05-21,15,26,28,34,41,42,44,1,11,2260660671
228,1015,2022-05-14,14,23,31,33,37,40,44,1,8,3051105610
229,1014,2022-05-07,3,11,14,18,26,27,21,1,10,2410449338
230,1013,2022-04-30,21,22,26,34,36,41,32,1,5,5047570725
231,1012,2022-04-23,5,11,18,20,35,45,3,1,13,1861944318
232,1011,2022-04-16,1,9,12,26,35,38,42,1,11,2220348512
233,1010,2022-04-09,9,12,15,25,34,36,3,1,8,3119380079
234,1009,2022-04-02,15,23,29,34,40,44,20,1,15,1702462825
235,1008,2022-03-26,9,11,30,31,41,44,33,1,11,2267377910
236,1007,2022-03-19,8,11,16,19,21,25,40,1,9,2718786375
237,1006,2022-03-12,8,11,15,16,17,37,36,1,9,2855602125
238,1005,2022-03-05,8,13,18,24,27,29,17,1,12,2061199344
239,1004,2022-02-26,7,15,30,37,39,44,18,1,10,2576251913
240,1003,2022-02-19,1,4,29,39,43,45,31,1,14,1811116822
241,1002,2022-02-12,17,25,33,35,38,45,15,1,8,3088449563
242,1001,2022-02-05,6,10,12,14,20,42,15,1,12,2077279594
243,1000,2022-01-29,2,8,19,22,32,42,39,1,22,1246819620
244,999,2022-01-22,1,3,9,14,18,28,34,1,16,1513274790
245,998,2022-01-15,13,17,18,20,42,45,41,1,12,2076499657
246,997,2022-01-08,4,7,14,16,24,44,20,1,19,1253749560
247,996,2022-01-01,6,11,15,24,32,39,28,1,18,1491185771
248,995,2021-12-25,1,4,13,29,38,39,7,1,7,3447271875
249,994,2021-12-18,1,3,8,24,27,35,28,1,12,1861582063
250,993,2021-12-11,6,14,16,18,24,42,44,1,6,3991197063
251,992,2021-12-04,12,20,26,33,44,45,24,1,12,1986955563
252,991,2021-11-27,13,18,25,31,33,44,38,1,8,2904166032
253,990,2021-11-20,2,4,25,26,36,37,28,1,14,1740095277
254,989,2021-11-13,17,18,21,27,29,33,26,1,4,5826768563
255,988,2021-11-06,2,13,20,30,31,41,27,1,9,2678489375
256,987,2021-10-30,2,4,15,23,29,38,7,1,10,2378711625
257,986,2021-10-23,7,10,16,28,41,42,40,1,10,2375275125
258,985,2021-10-16,17,21,23,30,34,44,19,1,10,2434752975
259,984,2021-10-09,3,10,23,35,36,37,18,1,7,3453006268
260,983,2021-10-02,13,23,26,31,35,43,15,1,10,2503422225
261,982,2021-09-25,5,7,13,20,21,44,33,1,8,3023630672
262,981,2021-09-18,27,36,37,41,43,45,32,1,13,1992863193
263,980,2021-09-11,3,13,16,23,24,35,14,1,7,3409443215
264,979,2021-09-04,7,11,16,21,27,33,24,1,14,1606400518
265,978,2021-08-28,1,7,15,32,34,42,8,1,10,2373391388
266,977,2021-08-21,2,9,10,14,22,44,16,1,14,1669905911
267,976,2021-08-14,4,12,14,25,35,37,2,1,7,3243867215
268,975,2021-08-07,7,8,9,17,22,24,5,1,9,2440410375
269,974,2021-07-31,1,2,11,16,39,44,32,1,17,1317034523
270,973,2021-07-24,22,26,31,37,41,42,24,1,8,2912742750
271,972,2021-07-17,3,6,17,23,37,39,26,1,20,1124886244
272,971,2021-07-10,2,6,17,18,21,26,7,1,6,3725880250
273,970,2021-07-03,9,11,16,21,28,36,5,1,14,1611544045
274,969,2021-06-26,3,9,10,29,40,45,7,1,20,1149427894
275,968,2021-06-19,2,5,12,14,24,39,33,1,13,1667729683
276,967,2021-06-12,1,6,13,37,38,40,9,1,4,5809776094
277,966,2021-06-05,1,21,25,29,34,37,36,1,10,2411303513
278,965,2021-05-29,2,13,25,28,29,36,34,1,7,3403348929
279,964,2021-05-22,6,21,36,38,39,43,30,1,10,2345861063
280,963,2021-05-15,6,12,19,23,34,42,35,1,15,1476478125
281,962,2021-05-08,1,18,28,31,34,43,40,1,12,1940906094
282,961,2021-05-01,11,20,29,31,33,42,43,1,9,2575231209
283,960,2021-04-24,2,18,24,30,32,45,14,1,10,2401133213
284,959,2021-04-17,1,14,15,24,40,41,35,1,8,3015312891
285,958,2021-04-10,2,9,10,16,35,37,1,1,15,1596119675
286,957,2021-04-03,4,15,24,35,36,40,1,1,11,2126634137
287,956,2021-03-27,10,11,20,21,25,41,40,1,11,2022982671
288,955,2021-03-20,4,9,23,26,29,33,8,1,12,2023170188
289,954,2021-03-13,1,9,26,28,30,41,32,1,10,2478795900
290,953,2021-03-06,7,9,22,27,37,42,34,1,14,1640636009
291,952,2021-02-27,4,12,22,24,33,41,38,1,9,2713699834
292,951,2021-02-20,2,12,30,31,39,43,38,1,14,1747552661
293,950,2021-02-13,3,4,15,22,28,40,10,1,8,3281920500
294,949,2021-02-06,14,21,35,36,40,44,30,1,10,2458569713
295,948,2021-01-30,13,18,30,31,38,41,5,1,11,2188548716
296,947,2021-01-23,3,8,17,20,27,35,26,1,18,1275855750
297,946,2021-01-16,9,18,19,30,34,40,20,1,11,2157656182
298,945,2021-01-09,9,10,15,30,33,37,26,1,13,1765554491
299,944,2021-01-02,2,13,16,19,32,33,42,1,13,1961836356
300,943,2020-12-26,1,8,13,36,44,45,39,1,7,3435045108
301,942,2020-12-19,10,12,18,35,42,43,39,1,6,3761680313
302,941,2020-12-12,12,14,25,27,39,40,35,1,16,1347297422
303,940,2020-12-05,3,15,20,22,24,41,11,1,8,2846071079
304,939,2020-11-28,4,11,28,39,42,45,6,1,13,1708363039
305,938,2020-11-21,4,8,10,16,31,36,9,1,10,2249466563
306,937,2020-11-14,2,10,13,22,29,40,26,1,11,2058420819
307,936,2020-11-07,7,11,13,17,18,29,43,1,14,1492069179
308,935,2020-10-31,4,10,20,32,38,44,18,1,13,1711055424
309,934,2020-10-24,1,3,30,33,36,39,12,1,4,5765772844
310,933,2020-10-17,23,27,29,31,36,45,37,1,8,2927797079
311,932,2020-10-10,1,6,15,36,37,38,5,1,7,3390022983
312,931,2020-10-03,14,15,23,25,35,43,32,1,8,2957108063
313,930,2020-09-26,8,21,25,38,39,44,28,1,8,2832418829
314,929,2020-09-19,7,9,12,15,19,23,4,1,16,1308035157
315,928,2020-09-12,3,4,10,20,28,44,30,1,7,3134591358
316,927,2020-09-05,4,15,22,38,41,43,26,1,6,3714203875
317,926,2020-08-29,10,16,18,20,25,31,6,1,10,2032490663
318,925,2020-08-22,13,24,32,34,39,42,4,1,12,1771080532
319,924,2020-08-15,3,11,34,42,43,44,13,1,9,2382430667
320,923,2020-08-08,3,17,18,23,36,41,26,1,8,2667554625
321,922,2020-08-01,2,6,13,17,27,43,36,1,6,3417904500
322,921,2020-07-25,5,7,12,22,28,41,1,1,17,1232573405
323,920,2020-07-18,2,3,26,33,34,43,29,1,7,3120260197
324,919,2020-07-11,9,14,17,18,42,44,35,1,5,4305150450
325,918,2020-07-04,7,11,12,31,33,38,5,1,18,1117622646
326,917,2020-06-27,1,3,23,24,27,43,34,1,10,2144799638
327,916,2020-06-20,6,21,22,32,35,36,17,1,11,2025384341
328,915,2020-06-13,2,6,11,13,22,37,14,1,6,3518640500
329,914,2020-06-06,16,19,24,33,42,44,27,1,11,1950005557
330,913,2020-05-30,6,14,16,21,27,37,40,1,16,1338755602
331,912,2020-05-23,5,8,18,21,22,38,10,1,14,1493500581
332,911,2020-05-16,4,5,12,14,32,42,35,1,10,2113538625
333,910,2020-05-09,1,11,17,27,35,39,31,1,21,941316375
334,909,2020-05-02,7,24,29,30,34,35,33,1,11,2021062875
335,908,2020-04-25,3,16,21,22,23,44,30,1,8,2834856141
336,907,2020-04-18,21,27,29,38,40,44,37,1,7,3165059036
337,906,2020-04-11,2,5,14,28,31,32,20,1,9,2472607250
338,905,2020-04-04,3,4,16,27,38,40,20,1,7,3017862536
339,904,2020-03-28,2,6,8,26,43,45,11,1,8,2718077813
340,903,2020-03-21,2,15,16,21,22,28,45,1,13,1684582212
341,902,2020-03-14,7,19,23,24,36,39,30,1,13,1619317529
342,901,2020-03-07,5,18,20,23,30,34,21,1,9,2267974667
343,900,2020-02-29,7,13,16,18,35,38,14,1,6,3349851375
344,899,2020-02-22,8,19,20,21,33,39,37,1,6,3359356063
345,898,2020-02-15,18,21,28,35,37,42,17,1,8,2639313235
346,897,2020-02-08,6,7,12,22,26,36,29,1,13,1619922520
347,896,2020-02-01,5,12,25,26,38,45,23,1,7,3053222036
348,895,2020-01-25,16,26,31,38,39,41,23,1,12,1928079219
349,894,2020-01-18,19,32,37,40,41,43,45,1,9,2377935959
350,893,2020-01-11,1,15,17,23,25,41,10,1,9,2377433625
351,892,2020-01-04,4,9,17,18,26,42,36,1,17,1282017464
352,891,2019-12-28,9,13,28,31,39,41,19,1,7,3082673947
353,890,2019-12-21,1,4,14,18,29,37,6,1,9,2335486167
354,889,2019-12-14,3,13,29,38,39,42,26,1,10,2108986950
355,888,2019-12-07,3,7,12,31,34,38,32,1,8,2370359204
356,887,2019-11-30,8,14,17,27,36,45,10,1,8,2535268688
357,886,2019-11-23,19,23,28,37,42,45,2,1,7,2974643786
358,885,2019-11-16,1,3,24,27,39,45,31,1,13,1543832568
359,884,2019-11-09,4,14,23,28,37,45,17,1,12,1799077282
360,883,2019-11-02,9,18,32,33,37,44,22,1,15,1360519525
361,882,2019-10-26,18,34,39,43,44,45,23,1,5,4127270400
362,881,2019-10-19,4,18,20,26,27,32,9,1,8,2503212282
363,880,2019-10-12,7,17,19,23,24,45,38,1,7,2837810465
364,879,2019-10-05,1,4,10,14,15,35,20,1,6,3206361313
365,878,2019-09-28,2,6,11,16,25,31,3,1,6,3207993500
366,877,2019-09-21,5,17,18,22,23,43,12,1,12,1716607188
367,876,2019-09-14,5,16,21,26,34,42,24,1,19,1090657856
368,875,2019-09-07,19,22,30,34,39,44,36,1,14,1415946724
369,874,2019-08-31,1,15,19,23,28,42,32,1,18,1117123917
370,873,2019-08-24,3,5,12,13,33,39,38,1,10,1874553225
371,872,2019-08-17,2,4,30,32,33,43,29,1,16,1262705579
372,871,2019-08-10,2,6,12,26,30,34,38,1,7,2718071358
373,870,2019-08-03,21,25,30,32,40,42,31,1,10,1928842988
374,869,2019-07-27,2,6,20,27,37,39,4,1,10,1922582588
375,868,2019-07-20,12,17,28,41,43,44,25,1,6,3233804250
376,867,2019-07-13,14,17,19,22,24,40,41,1,5,3933755250
377,866,2019-07-06,9,15,29,34,37,39,12,1,9,2240409000
378,865,2019-06-29,3,15,22,32,33,45,2,1,13,1551729145
379,864,2019-06-22,3,7,10,13,25,36,32,1,11,1716553637
380,863,2019-06-15,16,21,28,35,39,43,12,1,7,2853357322
381,862,2019-06-08,10,34,38,40,42,43,32,1,9,2190922709
382,861,2019-06-01,11,17,19,21,22,25,24,1,4,4872108844
383,860,2019-05-25,4,8,18,25,27,32,42,1,10,1879899825
384,859,2019-05-18,8,22,35,38,39,41,24,1,11,1853927489
385,858,2019-05-11,9,13,32,38,39,43,23,1,9,2202347459
386,857,2019-05-04,6,10,16,28,34,38,43,1,15,1284915425
387,856,2019-04-27,10,24,40,41,43,44,17,1,5,3977927550
388,855,2019-04-20,8,15,17,19,43,44,7,1,9,2269510500
389,854,2019-04-13,20,25,31,32,36,43,3,1,6,3421706750
390,853,2019-04-06,2,8,23,26,27,44,13,1,7,2885006786
391,852,2019-03-30,11,17,28,30,33,35,9,1,4,4801543407
392,851,2019-03-23,14,18,22,26,31,44,40,1,8,2483692313
393,850,2019-03-16,16,20,24,28,36,39,5,1,6,3377587875
394,849,2019-03-09,5,13,17,29,34,39,3,1,17,1158252883
395,848,2019-03-02,1,2,16,22,38,39,34,1,7,3011580858
396,847,2019-02-23,12,16,26,28,30,42,22,1,8,2520846657
397,846,2019-02-16,5,18,30,41,43,45,13,1,13,1596884395
398,845,2019-02-09,1,16,29,33,40,45,6,1,11,1891217182
399,844,2019-02-02,7,8,13,15,33,45,18,1,18,1162963542
400,843,2019-01-26,19,21,30,33,34,42,4,1,5,4012970100
401,842,2019-01-19,14,26,32,36,39,42,38,1,10,2035475025
402,841,2019-01-12,5,11,14,30,33,38,24,1,17,1116095714
403,840,2019-01-05,2,4,11,28,29,43,27,1,10,2042961788
404,839,2018-12-29,3,9,11,12,13,19,35,1,13,1359454904
405,838,2018-12-22,9,14,17,33,36,38,20,1,5,3813733050
406,837,2018-12-15,2,25,28,30,33,45,6,1,6,3144449125
407,836,2018-12-08,1,9,11,14,26,28,19,1,14,1257843670
408,835,2018-12-01,9,10,13,28,38,45,35,1,15,1233681125
409,834,2018-11-24,6,8,18,35,42,43,3,1,11,1690693671
410,833,2018-11-17,12,18,30,39,41,42,19,1,8,2356317282
411,832,2018-11-10,13,14,19,26,40,43,30,1,9,2088204584
412,831,2018-11-03,3,10,16,19,31,39,9,1,16,1110702258
413,830,2018-10-27,5,6,16,18,37,38,17,1,9,2060528750
414,829,2018-10-20,4,5,31,35,43,45,29,1,8,2444650641
415,828,2018-10-13,4,7,13,29,31,39,18,1,13,1455185972
416,827,2018-10-06,5,11,12,29,33,44,14,1,15,1206500375
417,826,2018-09-29,13,16,24,25,33,36,42,1,9,2075192084
418,825,2018-09-22,8,15,21,31,33,38,42,1,12,1658710563
419,824,2018-09-15,7,9,24,29,34,38,26,1,15,1256646550
420,823,2018-09-08,12,18,24,26,39,40,15,1,9,2009843917
421,822,2018-09-01,9,18,20,24,27,36,12,1,3,5930898625
422,821,2018-08-25,1,12,13,24,29,44,16,1,14,1316155956
423,820,2018-08-18,10,21,22,30,35,42,6,1,4,4627313532
424,819,2018-08-11,16,25,33,38,40,45,15,1,7,2594534840
425,818,2018-08-04,14,15,25,28,29,30,3,1,13,1380804318
426,817,2018-07-28,3,9,12,13,25,43,34,1,9,1868477334
427,816,2018-07-21,12,18,19,29,31,39,7,1,8,2128107938
428,815,2018-07-14,17,21,25,26,27,36,4,1,7,2579855358
429,814,2018-07-07,2,21,28,38,42,45,30,1,6,3067192063
430,813,2018-06-30,11,30,34,35,42,44,27,1,4,4591763157
431,812,2018-06-23,1,3,12,14,16,43,10,1,6,2947954750
432,811,2018-06-16,8,11,19,21,36,45,25,1,7,2524148197
433,810,2018-06-09,5,10,13,21,39,43,11,1,8,2231598047
434,809,2018-06-02,6,11,15,17,23,40,39,1,6,2921372750
435,808,2018-05-26,15,21,31,32,41,43,24,1,6,3087620500
436,807,2018-05-19,6,10,18,25,34,35,33,1,7,2437662322
437,806,2018-05-12,14,20,23,31,37,38,27,1,7,2640760875
438,805,2018-05-05,3,12,13,18,31,32,42,1,4,4266061969
439,804,2018-04-28,1,10,13,26,32,36,9,1,11,1631996523
440,803,2018-04-21,5,9,14,26,30,43,2,1,5,3663810225
441,802,2018-04-14,10,11,12,18,24,42,27,1,16,1082947993
442,801,2018-04-07,17,25,28,37,43,44,2,1,8,2256786657
443,800,2018-03-31,1,4,10,12,28,45,26,1,11,1632246205
444,799,2018-03-24,12,17,23,34,42,45,33,1,10,1826427225
445,798,2018-03-17,2,10,14,22,32,36,41,1,7,2710791911
446,797,2018-03-10,5,22,31,32,39,45,36,1,8,2397028125
447,796,2018-03-03,1,21,26,36,40,41,5,1,7,2763490340
448,795,2018-02-24,3,10,13,26,34,38,36,1,11,1714977000
449,794,2018-02-17,6,7,18,19,30,38,13,1,7,2650940304
450,793,2018-02-10,10,15,21,35,38,43,31,1,5,3750146775
451,792,2018-02-03,2,7,19,25,29,36,16,1,7,2655736768
452,791,2018-01-27,2,10,12,31,33,42,32,1,14,1253081893
453,790,2018-01-20,3,8,19,27,30,41,12,1,16,1160516274
454,789,2018-01-13,2,6,7,12,19,45,38,1,15,1140976825
455,788,2018-01-06,2,10,11,19,35,39,29,1,13,1401475154
456,787,2017-12-30,5,6,13,16,27,28,9,1,6,3092108313
457,786,2017-12-23,12,15,16,20,24,30,38,1,4,4551365250
458,785,2017-12-16,4,6,15,25,26,33,40,1,6,2886622688
459,784,2017-12-09,3,10,23,24,31,39,22,1,9,1908678000
460,783,2017-12-02,14,15,16,17,38,45,36,1,4,4603964625
461,782,2017-11-25,6,18,31,34,38,45,20,1,9,1946487625
462,781,2017-11-18,11,16,18,19,24,39,43,1,9,1882891542
463,780,2017-11-11,15,17,19,21,27,45,16,1,11,1667520137
464,779,2017-11-04,6,12,19,24,34,41,4,1,11,1527709296
465,778,2017-10-28,6,21,35,36,37,41,11,1,3,6264069500
466,777,2017-10-21,6,12,17,21,34,37,18,1,21,833468036
467,776,2017-10-14,8,9,18,21,28,40,20,1,7,2557579393
468,775,2017-10-07,11,12,29,33,38,42,17,1,5,3470437650
469,774,2017-09-30,12,15,18,28,34,42,9,1,11,1709721512
470,773,2017-09-23,8,12,19,21,31,35,44,1,11,1609403080
471,772,2017-09-16,5,6,11,14,21,41,32,1,10,1769608838
472,771,2017-09-09,6,10,17,18,21,29,30,1,4,4362644907
473,770,2017-09-02,1,9,12,23,39,43,34,1,8,2163099329
474,769,2017-08-26,5,7,11,16,41,45,4,1,9,1930760042
475,768,2017-08-19,7,27,29,30,38,44,4,1,13,1363572260
476,767,2017-08-12,5,15,20,31,34,42,22,1,15,1163768725
477,766,2017-08-05,9,30,34,35,39,41,21,1,8,2173637297
478,765,2017-07-29,1,3,8,12,42,43,33,1,15,1109214250
479,764,2017-07-22,7,22,24,31,34,36,15,1,7,2459975465
480,763,2017-07-15,3,8,16,32,34,43,10,1,8,2138130000
481,762,2017-07-08,1,3,12,21,26,41,16,1,10,1631432063
482,761,2017-07-01,4,7,11,24,42,45,30,1,7,2392730518
483,760,2017-06-24,10,22,27,31,42,43,12,1,8,2253299391
484,759,2017-06-17,9,33,36,40,42,43,32,1,6,3032670500
485,758,2017-06-10,5,9,12,30,39,43,24,1,8,2078969954
486,757,2017-06-03,6,7,11,17,33,44,1,1,21,739839858
487,756,2017-05-27,10,14,16,18,27,28,4,1,5,3414434700
488,755,2017-05-20,13,14,26,28,30,36,37,1,8,2214427266
489,754,2017-05-13,2,8,17,24,29,31,32,1,5,3427542000
490,753,2017-05-06,2,17,19,24,37,41,3,1,6,2711105063
491,752,2017-04-29,4,16,20,33,40,43,7,1,9,1870358834
492,751,2017-04-22,3,4,16,20,28,44,17,1,8,2097968110
493,750,2017-04-15,1,2,15,19,24,36,12,1,7,2522104286
494,749,2017-04-08,12,14,24,26,34,45,41,1,13,1350104395
495,748,2017-04-01,3,10,13,22,31,32,29,1,9,1928246542
496,747,2017-03-25,7,9,12,14,23,28,17,1,9,1903214584
497,746,2017-03-18,3,12,33,36,42,45,25,1,9,2038623709
498,745,2017-03-11,1,2,3,9,12,23,10,1,20,746822982
499,744,2017-03-04,10,15,18,21,34,41,43,1,15,1155411575
500,743,2017-02-25,15,19,21,34,41,44,10,1,7,2608641000
501,742,2017-02-18,8,10,13,36,37,40,6,1,16,1111814813
502,741,2017-02-11,5,21,27,34,44,45,16,1,6,3043595938
503,740,2017-02-04,4,8,9,16,17,19,31,1,18,936929792
504,739,2017-01-28,7,22,29,33,34,35,30,1,4,4744122282
505,738,2017-01-21,23,27,28,38,42,43,36,1,11,1634191091
506,737,2017-01-14,13,15,18,24,27,41,11,1,4,4283061000
507,736,2017-01-07,2,11,17,18,21,27,6,1,5,3397362225
508,735,2016-12-31,5,10,13,27,37,41,4,1,10,1847231588
509,734,2016-12-24,6,16,37,38,41,45,18,1,9,1949395500
510,733,2016-12-17,11,24,32,33,35,40,13,1,4,4016725125
511,732,2016-12-10,2,4,5,17,27,32,43,1,7,2203270608
512,731,2016-12-03,2,7,13,25,42,45,39,1,7,2340471054
513,730,2016-11-26,4,10,14,15,18,22,39,1,8,2017382110
514,729,2016-11-19,11,17,21,26,36,45,16,1,4,4198250719
515,728,2016-11-12,3,6,10,30,34,37,36,1,5,3243464400
516,727,2016-11-05,7,8,10,19,21,31,20,1,14,1115107742
517,726,2016-10-29,1,11,21,23,34,44,24,1,14,1166872634
518,725,2016-10-22,6,7,19,21,41,43,38,1,11,1579217250
519,724,2016-10-15,2,8,33,35,37,41,14,1,12,1427789813
520,723,2016-10-08,20,30,33,35,36,44,22,1,8,2114365360
521,722,2016-10-01,12,14,21,30,39,43,45,1,4,4365422719
522,721,2016-09-24,1,28,35,41,43,44,31,1,8,2273767360
523,720,2016-09-17,1,12,29,34,36,37,41,1,14,1233770358
524,719,2016-09-10,4,8,13,19,20,43,26,1,9,1879581334
525,718,2016-09-03,4,11,20,23,32,39,40,1,17,926166464
526,717,2016-08-27,2,11,19,25,28,32,44,1,6,2702433688
527,716,2016-08-20,2,6,13,16,29,30,21,1,12,1358752157
528,715,2016-08-13,2,7,27,33,41,44,10,1,6,2605510438
529,714,2016-08-06,1,7,22,33,37,40,20,1,7,2085131733
530,713,2016-07-30,2,5,15,18,19,23,44,1,9,1714720917
531,712,2016-07-23,17,20,30,31,33,45,19,1,4,4034485125
532,711,2016-07-16,11,15,24,35,37,45,42,1,7,2277413358
533,710,2016-07-09,3,4,9,24,25,33,10,1,5,2895441150
534,709,2016-07-02,10,18,30,36,39,44,32,1,14,1165271625
535,708,2016-06-25,2,10,16,19,34,45,1,1,4,4099552219
536,707,2016-06-18,2,12,19,24,39,44,35,1,12,1322167313
537,706,2016-06-11,3,4,6,10,28,30,37,1,4,3831746063
538,705,2016-06-04,1,6,17,22,28,45,23,1,4,3987206532
539,704,2016-05-28,1,4,8,23,33,42,45,1,4,3865190344
540,703,2016-05-21,10,28,31,33,41,44,21,1,5,3235784100
541,702,2016-05-14,3,13,16,24,26,29,9,1,11,1465091387
542,701,2016-05-07,3,10,14,16,36,38,35,1,10,1583183175
543,700,2016-04-30,11,23,28,29,30,44,13,1,8,2082099188
544,699,2016-04-23,4,5,8,16,21,29,3,1,8,1995411375
545,698,2016-04-16,3,11,13,21,33,37,18,1,8,1921084125
546,697,2016-04-09,2,5,8,11,33,39,31,1,10,1531443038
547,696,2016-04-02,1,7,16,18,34,38,21,1,10,1632054413
548,695,2016-03-26,4,18,26,33,34,38,14,1,11,1450214830
549,694,2016-03-19,7,15,20,25,33,43,12,1,10,1555036388
550,693,2016-03-12,1,6,11,28,34,42,30,1,10,1642763813
551,692,2016-03-05,3,11,14,15,32,36,44,1,7,2301273697
552,691,2016-02-27,15,27,33,35,43,45,16,1,6,2839296750
553,690,2016-02-20,24,25,33,34,38,39,43,1,15,1126507625
554,689,2016-02-13,7,17,19,30,36,38,34,1,7,2321775911
555,688,2016-02-06,5,15,22,23,34,35,2,1,9,1967536750
556,687,2016-01-30,1,8,10,13,28,42,45,1,6,2720029313
557,686,2016-01-23,7,12,15,24,25,43,13,1,8,1937531719
558,685,2016-01-16,6,7,12,28,38,40,18,1,11,1494367671
559,684,2016-01-09,1,11,15,17,25,39,40,1,9,1688815709
560,683,2016-01-02,6,13,20,27,28,40,15,1,16,1010930883
561,682,2015-12-26,17,23,27,35,38,43,2,1,4,4063713563
562,681,2015-12-19,21,24,27,29,43,44,7,1,6,2696328938
563,680,2015-12-12,4,10,19,29,32,42,30,1,14,1110570563
564,679,2015-12-05,3,5,7,14,26,34,35,1,5,2863005600
565,678,2015-11-28,4,5,6,12,25,37,45,1,6,2288490188
566,677,2015-11-21,12,15,24,36,41,44,42,1,8,1921114407
567,676,2015-11-14,1,8,17,34,39,45,27,1,8,1879726500
568,675,2015-11-07,1,8,11,15,18,45,7,1,4,3514549032
569,674,2015-10-31,9,10,14,25,27,31,11,1,8,1770565500
570,673,2015-10-24,7,10,17,29,33,44,5,1,10,1491453300
571,672,2015-10-17,8,21,28,31,36,45,43,1,9,1754745000
572,671,2015-10-10,7,9,10,13,31,35,24,1,4,3722322844
573,670,2015-10-03,11,18,26,27,40,41,25,1,12,1191725219
574,669,2015-09-26,7,8,20,29,33,38,9,1,6,2708173188
575,668,2015-09-19,12,14,15,24,27,32,3,1,5,2991158625
576,667,2015-09-12,15,17,25,37,42,43,13,1,7,2228764393
577,666,2015-09-05,2,4,6,11,17,28,16,1,6,2396901063
578,665,2015-08-29,5,6,11,17,38,44,13,1,4,3643230375
579,664,2015-08-22,10,20,33,36,41,44,5,1,10,1536801338
580,663,2015-08-15,3,5,8,19,38,42,20,1,7,2080244143
581,662,2015-08-08,5,6,9,11,15,37,26,1,8,1689733688
582,661,2015-08-01,2,3,12,20,27,38,40,1,8,1713025547
583,660,2015-07-25,4,9,23,33,39,44,14,1,10,1421272575
584,659,2015-07-18,7,18,19,27,29,42,45,1,11,1336604216
585,658,2015-07-11,8,19,25,28,32,36,37,1,9,1634031375
586,657,2015-07-04,10,14,19,39,40,43,23,1,9,1694762792
587,656,2015-06-27,3,7,14,16,31,40,39,1,2,7330002750
588,655,2015-06-20,7,37,38,39,40,44,18,1,9,1661439625
589,654,2015-06-13,16,21,26,31,36,43,6,1,8,1879301391
590,653,2015-06-06,5,6,26,27,38,39,1,1,14,980958670
591,652,2015-05-30,3,13,15,40,41,44,20,1,5,3003483525
592,651,2015-05-23,11,12,16,26,29,44,18,1,8,1855306454
593,650,2015-05-16,3,4,7,11,31,41,35,1,5,2849298900
594,649,2015-05-09,3,21,22,33,41,42,20,1,5,2948042100
595,648,2015-05-02,13,19,28,37,38,43,4,1,7,2120987947
596,647,2015-04-25,5,16,21,23,24,30,29,1,7,2189725608
597,646,2015-04-18,2,9,24,41,43,45,30,1,7,2215498393
598,645,2015-04-11,1,4,16,26,40,41,31,1,4,3696297750
599,644,2015-04-04,5,13,17,23,28,36,8,1,8,1831451204
600,643,2015-03-28,15,24,31,32,33,40,13,1,6,2535763625
601,642,2015-03-21,8,17,18,24,39,45,32,1,12,1251460438
602,641,2015-03-14,11,18,21,36,37,43,12,1,8,1990074563
603,640,2015-03-07,14,15,18,21,26,35,23,1,9,1728768834
604,639,2015-02-28,6,15,22,23,25,32,40,1,4,4061185219
605,638,2015-02-21,7,18,22,24,31,34,6,1,7,2229403179
606,637,2015-02-14,3,16,22,37,38,44,23,1,4,3899241094
607,636,2015-02-07,6,7,15,16,20,31,26,1,8,1832362219
608,635,2015-01-31,11,13,25,26,29,33,32,1,8,1855587235
609,634,2015-01-24,4,10,11,12,20,27,38,1,13,1077935106
610,633,2015-01-17,9,12,19,20,39,41,13,1,12,1217257094
611,632,2015-01-10,15,18,21,32,35,44,6,1,11,1432587716
612,631,2015-01-03,1,2,4,23,31,34,8,1,4,3919853532
613,630,2014-12-27,8,17,21,24,27,31,15,1,3,4836305500
614,629,2014-12-20,19,28,31,38,43,44,1,1,5,2919433575
615,628,2014-12-13,1,7,12,15,23,42,11,1,9,1499942875
616,627,2014-12-06,2,9,22,25,31,45,12,1,10,1352230650
617,626,2014-11-29,13,14,26,33,40,43,15,1,8,1717871110
618,625,2014-11-22,3,6,7,20,21,39,13,1,5,2765184675
619,624,2014-11-15,1,7,19,26,27,35,16,1,5,2763729450
620,623,2014-11-08,7,13,30,39,41,45,25,1,8,1813702594
621,622,2014-11-01,9,15,16,21,28,34,24,1,9,1630598292
622,621,2014-10-25,1,2,6,16,19,42,9,1,6,2359723500
623,620,2014-10-18,2,16,17,32,39,45,40,1,7,2028283233
624,619,2014-10-11,6,8,13,30,35,40,21,1,3,4612479375
625,618,2014-10-04,8,16,25,30,42,43,15,1,5,2881326225
626,617,2014-09-27,4,5,11,12,24,27,28,1,8,1629701860
627,616,2014-09-20,5,13,18,23,40,45,3,1,9,1611811250
628,615,2014-09-13,10,17,18,19,23,27,35,1,9,1535062417
629,614,2014-09-06,8,21,25,39,40,44,18,1,6,2540975438
630,613,2014-08-30,7,8,11,16,41,44,35,1,9,1549831209
631,612,2014-08-23,6,9,18,19,25,33,40,1,11,1181705250
632,611,2014-08-16,2,22,27,33,36,37,14,1,4,3502706157
633,610,2014-08-09,14,18,20,23,28,36,33,1,4,3516018375
634,609,2014-08-02,4,8,27,34,39,40,13,1,2,6339311438
635,608,2014-07-26,4,8,18,19,39,44,41,1,7,1943530018
636,607,2014-07-19,8,14,23,36,38,39,13,1,4,3494480907
637,606,2014-07-12,1,5,6,14,20,39,22,1,10,1311566850
638,605,2014-07-05,1,2,7,9,10,38,42,1,9,1394232250
639,604,2014-06-28,2,6,18,21,33,34,30,1,11,1229141557
640,603,2014-06-21,2,19,25,26,27,43,28,1,4,3452136563
641,602,2014-06-14,13,14,22,27,30,38,2,1,8,1689530860
642,601,2014-06-07,2,16,19,31,34,35,37,1,9,1524565209
643,600,2014-05-31,5,11,14,27,29,36,44,1,15,901798725
644,599,2014-05-24,5,12,17,29,34,35,27,1,8,1710918329
645,598,2014-05-17,4,12,24,33,38,45,22,1,16,833998594
646,597,2014-05-10,8,10,23,24,35,43,37,1,13,1057920606
647,596,2014-05-03,3,4,12,14,25,43,17,1,10,1328267663
648,595,2014-04-26,8,24,28,35,38,40,5,1,8,1744525219
649,594,2014-04-19,2,8,13,25,28,37,3,1,11,1255592796
650,593,2014-04-12,9,10,13,24,33,38,28,1,9,1532833500
651,592,2014-04-05,2,5,6,13,28,44,43,1,6,2356381688
652,591,2014-03-29,8,13,14,30,38,39,5,1,5,2964676200
653,590,2014-03-22,20,30,36,38,41,45,23,1,7,2185183983
654,589,2014-03-15,6,8,28,33,38,39,22,1,7,2136877983
655,588,2014-03-08,2,8,15,22,25,41,30,1,5,2889342075
656,587,2014-03-01,14,21,29,31,32,37,17,1,3,4974577375
657,586,2014-02-22,2,7,12,15,21,34,5,1,8,1778354344
658,585,2014-02-15,6,7,10,16,38,41,4,1,9,1620546334
659,584,2014-02-08,7,18,30,39,40,41,36,1,3,5033183250
660,583,2014-02-01,8,17,27,33,40,44,24,1,11,1341848353
661,582,2014-01-25,2,12,14,33,40,41,25,1,4,3560558719
662,581,2014-01-18,3,5,14,20,42,44,33,1,8,1844554547
663,580,2014-01-11,5,7,9,11,32,35,33,1,7,2028610500
664,579,2014-01-04,5,7,20,22,37,42,39,1,11,1396068444
665,578,2013-12-28,5,12,14,32,34,42,16,1,5,2796466575
666,577,2013-12-21,16,17,22,31,34,37,33,1,3,4484438375
667,576,2013-12-14,10,11,15,25,35,41,13,1,3,4321966000
668,575,2013-12-07,2,8,20,30,33,34,6,1,8,1699267875
669,574,2013-11-30,14,15,16,19,25,43,2,1,2,6965184938
670,573,2013-11-23,2,4,20,34,35,43,14,1,8,1645691766
671,572,2013-11-16,3,13,18,33,37,45,1,1,8,1668216188
672,571,2013-11-09,11,18,21,26,38,43,29,1,7,1966538465
673,570,2013-11-02,1,12,26,27,29,33,42,1,9,1527791625
674,569,2013-10-26,3,6,13,23,24,35,1,1,4,3467925188
675,568,2013-10-19,1,3,17,20,31,44,40,1,10,1305167550
676,567,2013-10-12,1,10,15,16,32,41,28,1,6,2318659438
677,566,2013-10-05,4,5,6,25,26,43,41,1,4,3508951032
678,565,2013-09-28,4,10,18,27,40,45,38,1,8,1742064469
679,564,2013-09-21,14,19,25,26,27,34,2,1,7,1934801143
680,563,2013-09-14,5,10,16,17,31,32,21,1,7,1932735643
681,562,2013-09-07,4,11,13,17,20,31,33,1,11,1166694614
682,561,2013-08-31,5,7,18,37,42,45,20,1,5,2753712225
683,560,2013-08-24,1,4,20,23,29,45,28,1,7,1976697215
684,559,2013-08-17,11,12,25,32,44,45,23,1,7,1926145608
685,558,2013-08-10,12,15,19,26,40,43,29,1,10,1315913663
686,557,2013-08-03,4,20,26,28,35,40,31,1,7,1888069286
687,556,2013-07-27,12,20,23,28,30,44,43,1,7,2005209161
688,555,2013-07-20,11,17,21,24,26,36,12,1,8,1711027360
689,554,2013-07-13,13,14,17,32,41,42,6,1,2,6813893625
690,553,2013-07-06,2,7,17,28,29,39,37,1,6,2249631438
691,552,2013-06-29,1,10,20,32,35,40,43,1,10,1330824225
692,551,2013-06-22,3,6,20,24,27,44,25,1,1,13526973750
693,550,2013-06-15,1,7,14,20,34,37,41,1,11,1118679205
694,549,2013-06-08,29,31,35,38,40,44,17,1,8,1760805047
695,548,2013-06-01,1,12,13,21,32,45,14,1,8,1736871891
696,547,2013-05-25,6,7,15,22,34,39,28,1,5,2838444450
697,546,2013-05-18,8,17,20,27,37,43,6,1,30,405939950
698,545,2013-05-11,4,24,25,27,34,35,2,1,11,1198994353
699,544,2013-05-04,5,17,21,25,36,44,10,1,13,1046388433
700,543,2013-04-27,13,18,26,31,34,44,12,1,12,1112934844
701,542,2013-04-20,5,6,19,26,41,45,34,1,6,2335152563
702,541,2013-04-13,8,13,26,28,32,34,43,1,11,1269327171
703,540,2013-04-06,3,12,13,15,34,36,14,1,7,1989365250
704,539,2013-03-30,3,19,22,31,42,43,26,1,9,1621036667
705,538,2013-03-23,6,10,18,31,32,34,11,1,3,4688021625
706,537,2013-03-16,12,23,26,30,36,43,11,1,7,2104038911
707,536,2013-03-09,7,8,18,32,37,43,12,1,11,1308523603
708,535,2013-03-02,11,12,14,15,18,39,34,1,3,4935603000
709,534,2013-02-23,10,24,26,29,37,38,32,1,1,14215763250
710,533,2013-02-16,9,14,15,17,31,33,23,1,8,1785671579
711,532,2013-02-09,16,17,23,24,29,44,3,1,7,2216896286
712,531,2013-02-02,1,5,9,21,27,35,45,1,9,1521519750
713,530,2013-01-26,16,23,27,29,33,41,22,1,11,1231656239
714,529,2013-01-19,18,20,24,27,31,42,39,1,8,1749114797
715,528,2013-01-12,5,17,25,31,39,40,10,1,11,1197889125
716,527,2013-01-05,1,12,22,32,33,42,38,1,13,1032386366
717,526,2012-12-29,7,14,17,20,35,39,31,1,9,1491031959
718,525,2012-12-22,11,23,26,29,39,44,22,1,9,1501132375
719,524,2012-12-15,10,11,29,38,41,45,21,1,4,3491695594
720,523,2012-12-08,1,4,37,38,40,45,7,1,7,1780355840
721,522,2012-12-01,4,5,13,14,37,41,11,1,6,2281623000
722,521,2012-11-24,3,7,18,29,32,36,19,1,8,1693420922
723,520,2012-11-17,4,22,27,28,38,40,1,1,6,2167205438
724,519,2012-11-10,6,8,13,16,30,43,3,1,7,1950601393
725,518,2012-11-03,14,23,30,32,34,38,6,1,6,2263804125
726,517,2012-10-27,1,9,12,28,36,41,10,1,5,2659057725
727,516,2012-10-20,2,8,23,41,43,44,30,1,11,1294190182
728,515,2012-10-13,2,11,12,15,23,37,8,1,1,13200466875
729,514,2012-10-06,1,15,20,26,35,42,9,1,3,4451055500
730,513,2012-09-29,5,8,21,23,27,33,12,1,3,4589624750
731,512,2012-09-22,4,5,9,13,26,27,1,1,13,940094452
732,511,2012-09-15,3,7,14,23,26,42,24,1,6,2165579250
733,510,2012-09-08,12,29,32,33,39,40,42,1,5,2644158150
734,509,2012-09-01,12,25,29,35,42,43,24,1,5,2689076100
735,508,2012-08-25,5,27,31,34,35,43,37,1,8,1599557860
736,507,2012-08-18,12,13,32,33,40,41,4,1,9,1416438875
737,506,2012-08-11,6,9,11,22,24,30,31,1,3,4073333875
738,505,2012-08-04,7,20,22,25,38,40,44,1,6,1917955188
739,504,2012-07-28,6,14,22,26,43,44,31,1,9,1443236959
740,503,2012-07-21,1,5,27,30,34,36,40,1,7,1853634911
741,502,2012-07-14,6,22,28,32,34,40,26,1,6,2201458125
742,501,2012-07-07,1,4,10,17,31,42,2,1,4,3025200094
743,500,2012-06-30,3,4,12,20,24,34,41,1,9,1351072375
744,499,2012-06-23,5,20,23,27,35,40,43,1,3,4070480250
745,498,2012-06-16,13,14,24,32,39,41,3,1,4,3244503094
746,497,2012-06-09,19,20,23,24,43,44,13,1,6,2222817813
747,496,2012-06-02,4,13,20,29,36,41,39,1,4,3285932250
748,495,2012-05-26,4,13,22,27,34,44,6,1,6,2111645000
749,494,2012-05-19,5,7,8,15,30,43,22,1,12,1054588407
750,493,2012-05-12,20,22,26,33,36,37,25,1,9,1451120334
751,492,2012-05-05,22,27,31,35,37,40,42,1,5,2493013800
752,491,2012-04-28,8,17,35,36,39,42,4,1,4,3304634438
753,490,2012-04-21,2,7,26,29,40,43,42,1,7,1860234161
754,489,2012-04-14,2,4,8,15,20,27,11,1,6,2106360625
755,488,2012-04-07,2,8,17,30,31,38,25,1,10,1330393575
756,487,2012-03-31,4,8,25,27,37,41,21,1,8,1638830766
757,486,2012-03-24,1,2,23,25,38,40,43,1,13,1008634125
758,485,2012-03-17,17,22,26,27,36,39,20,1,9,1501474917
759,484,2012-03-10,1,3,27,28,32,45,11,1,6,2305303063
760,483,2012-03-03,12,15,19,22,28,34,5,1,5,2567196675
761,482,2012-02-25,1,10,16,24,25,35,43,1,7,1897921179
762,481,2012-02-18,3,4,23,29,40,41,20,1,3,4639355750
763,480,2012-02-11,3,5,10,17,30,31,16,1,4,2996742282
764,479,2012-02-04,8,23,25,27,35,44,24,1,6,2233046500
765,478,2012-01-28,18,29,30,37,39,43,8,1,14,987224759
766,477,2012-01-21,14,25,29,32,33,45,37,1,8,1919011829
767,476,2012-01-14,9,12,13,15,37,38,27,1,4,3439851469
768,475,2012-01-07,1,9,14,16,21,29,3,1,8,1693923047
769,474,2011-12-31,4,13,18,31,33,45,43,1,15,936690800
770,473,2011-12-24,8,13,20,22,23,36,34,1,4,3250418063
771,472,2011-12-17,16,25,26,31,36,43,44,1,7,1809656090
772,471,2011-12-10,6,13,29,37,39,41,43,1,7,1939332858
773,470,2011-12-03,10,16,20,39,41,42,27,1,3,4333330625
774,469,2011-11-26,4,21,22,34,37,38,33,1,4,3330131250
775,468,2011-11-19,8,13,15,28,37,43,17,1,9,1527197167
776,467,2011-11-12,2,12,14,17,24,40,39,1,9,1435441084
777,466,2011-11-05,4,10,13,23,32,44,20,1,9,1530313459
778,465,2011-10-29,1,8,11,13,22,38,31,1,7,1923662893
779,464,2011-10-22,6,12,15,34,42,44,4,1,13,3355721106
780,463,2011-10-15,23,29,31,33,34,44,40,1,0,0
781,462,2011-10-08,3,20,24,32,37,45,4,1,8,1483559297
782,461,2011-10-01,11,18,26,31,37,40,43,1,6,1948674875
783,460,2011-09-24,8,11,28,30,43,45,41,1,4,3180895782
784,459,2011-09-17,4,6,10,14,25,40,12,1,7,1655842233
785,458,2011-09-10,4,9,10,32,36,40,18,1,8,1608812625
786,457,2011-09-03,8,10,18,23,27,40,33,1,10,1159902825
787,456,2011-08-27,1,7,12,18,23,27,44,1,7,1598505054
788,455,2011-08-20,4,19,20,26,30,35,24,1,7,1635711483
789,454,2011-08-13,13,25,27,34,38,41,10,1,7,1609125590
790,453,2011-08-06,12,24,33,38,40,42,30,1,5,2262732375
791,452,2011-07-30,8,10,18,30,32,34,27,1,9,1276902000
792,451,2011-07-23,12,15,20,24,30,38,29,1,13,882138952
793,450,2011-07-16,6,14,19,21,23,31,13,1,6,1990391625
794,449,2011-07-09,3,10,20,26,35,43,36,1,3,4059715250
795,448,2011-07-02,3,7,13,27,40,41,36,1,3,4026212750
796,447,2011-06-25,2,7,8,9,17,33,34,1,4,2657941125
797,446,2011-06-18,1,11,12,14,26,35,6,1,3,4051247625
798,445,2011-06-11,13,20,21,30,39,45,32,1,7,1791683036
799,444,2011-06-04,11,13,23,35,43,45,17,1,3,4154188625
800,443,2011-05-28,4,6,10,19,20,44,14,1,9,1327597584
801,442,2011-05-21,25,27,29,36,38,40,41,1,9,1413413042
802,441,2011-05-14,1,23,28,30,34,35,9,1,4,3170417063
803,440,2011-05-07,10,22,28,34,36,44,2,1,6,1995873000
804,439,2011-04-30,17,20,30,31,37,40,25,1,6,1900077375
805,438,2011-04-23,6,12,20,26,29,38,45,1,9,1377142167
806,437,2011-04-16,11,16,29,38,41,44,21,1,6,2096245438
807,436,2011-04-09,9,14,20,22,33,34,28,1,8,1512266579
808,435,2011-04-02,8,16,26,30,38,45,42,1,10,1287550013
809,434,2011-03-26,3,13,20,24,33,37,35,1,8,1480060266
810,433,2011-03-19,19,23,29,33,35,43,27,1,11,1182294410
811,432,2011-03-12,2,3,5,11,27,39,33,1,5,2299427550
812,431,2011-03-05,18,22,25,31,38,45,6,1,10,1268434013
813,430,2011-02-26,1,3,16,18,30,34,44,1,8,1611763219
814,429,2011-02-19,3,23,28,34,39,42,16,1,9,1485904709
815,428,2011-02-12,12,16,19,22,37,40,8,1,9,1437683209
816,427,2011-02-05,6,7,15,24,28,30,21,1,1,12571445625
817,426,2011-01-29,4,17,18,27,39,43,19,1,4,3057233625
818,425,2011-01-22,8,10,14,27,33,38,3,1,8,1534833000
819,424,2011-01-15,10,11,26,31,34,44,30,1,10,1109480813
820,423,2011-01-08,1,17,27,28,29,40,5,1,3,3896153875
821,422,2011-01-01,8,15,19,21,34,44,12,1,6,2205251375
822,421,2010-12-25,6,11,26,27,28,44,30,1,5,2321144325
823,420,2010-12-18,4,9,10,29,31,34,27,1,8,1424856375
824,419,2010-12-11,2,11,13,14,28,30,7,1,3,3796490750
825,418,2010-12-04,11,13,15,26,28,34,31,1,8,1435649766
826,417,2010-11-27,4,5,14,20,22,43,44,1,4,2818329938
827,416,2010-11-20,5,6,8,11,22,26,44,1,10,1072037100
828,415,2010-11-13,7,17,20,26,30,40,24,1,8,1334182407
829,414,2010-11-06,2,14,15,22,23,44,43,1,1,11703832500
830,413,2010-10-30,2,9,15,23,34,40,3,1,4,2814673500
831,412,2010-10-23,4,7,39,41,42,45,40,1,7,1656199822
832,411,2010-10-16,11,14,22,35,37,39,5,1,12,953227563
833,410,2010-10-09,1,3,18,32,40,41,16,1,9,1249335709
834,409,2010-10-02,6,9,21,31,32,40,38,1,4,2896989750
835,408,2010-09-25,9,20,21,22,30,37,16,1,5,2235375825
836,407,2010-09-18,6,7,13,16,24,25,1,1,7,1649707286
837,406,2010-09-11,7,12,21,24,27,36,45,1,5,2156142450
838,405,2010-09-04,1,2,10,25,26,44,4,1,3,3543878000
839,404,2010-08-28,5,20,21,24,33,40,36,1,3,3566659375
840,403,2010-08-21,10,14,22,24,28,37,26,1,5,2122396875
841,402,2010-08-14,5,9,15,19,22,36,32,1,4,2662206188
842,401,2010-08-07,6,12,18,31,38,43,9,1,9,1168214792
843,400,2010-07-31,9,21,27,34,41,43,2,1,4,2669834325
844,399,2010-07-24,1,2,9,17,19,42,20,1,8,1276854975
845,398,2010-07-17,10,15,20,23,42,44,7,1,4,2680625550
846,397,2010-07-10,12,13,17,22,25,33,8,1,3,3499519700
847,396,2010-07-03,18,20,31,34,40,45,30,1,2,5296622400
848,395,2010-06-26,11,15,20,26,31,35,7,1,7,1534635000
849,394,2010-06-19,1,13,20,22,25,28,15,1,1,10654349100
850,393,2010-06-12,9,16,28,40,41,43,21,1,8,1362003975
851,392,2010-06-05,1,3,7,8,24,42,43,1,6,1713528700
852,391,2010-05-29,10,11,18,22,28,39,30,1,1,10508749800
853,390,2010-05-22,16,17,28,37,39,40,15,1,1,10373997900
854,389,2010-05-15,7,16,18,20,23,26,3,1,5,2119027020
855,388,2010-05-08,1,8,9,17,29,32,45,1,4,2545543875
856,387,2010-05-01,1,26,31,34,40,43,20,1,4,2675533500
857,386,2010-04-24,4,7,10,19,31,40,26,1,10,1042953330
858,385,2010-04-17,7,12,19,21,29,32,9,1,7,1542032700
859,384,2010-04-10,11,22,24,32,36,38,7,1,3,3658734200
860,383,2010-04-03,4,15,28,33,37,40,25,1,3,3596522100
861,382,2010-03-27,10,15,22,24,27,42,19,1,6,1846674900
862,381,2010-03-20,1,5,10,12,16,20,11,1,19,565738895
863,380,2010-03-13,1,2,8,17,26,37,27,1,4,2684274825
864,379,2010-03-06,6,10,22,31,35,40,19,1,7,1598999786
865,378,2010-02-27,5,22,29,31,34,39,43,1,5,2317698240
866,377,2010-02-20,6,22,29,37,43,45,23,1,3,3912085400
867,376,2010-02-13,1,11,13,24,28,40,7,1,6,1956915800
868,375,2010-02-06,4,8,19,25,27,45,7,1,7,1581284058
869,374,2010-01-30,11,13,15,17,25,34,26,1,2,5528717850
870,373,2010-01-23,15,26,37,42,43,45,9,1,4,2791801125
871,372,2010-01-16,8,11,14,16,18,21,13,1,9,1192593200
872,371,2010-01-09,7,9,15,26,27,42,18,1,7,1524130543
873,370,2010-01-02,16,18,24,42,44,45,17,1,7,1678941943
874,369,2009-12-26,17,20,35,36,41,43,21,1,6,1842177750
875,368,2009-12-19,11,21,24,30,39,45,26,1,7,1465825115
876,367,2009-12-12,3,22,25,29,32,44,19,1,7,1581736586
877,366,2009-12-05,5,12,19,26,27,44,38,1,2,5351553900
878,365,2009-11-28,5,15,21,25,26,30,31,1,1,10697716800
879,364,2009-11-21,2,5,7,14,16,40,4,1,4,2531914800
880,363,2009-11-14,11,12,14,21,32,38,6,1,4,2615910600
881,362,2009-11-07,2,3,22,27,30,40,29,1,6,1729424650
882,361,2009-10-31,5,10,16,24,27,35,33,1,7,1473115115
883,360,2009-10-24,4,16,23,25,35,40,27,1,3,3566716200
884,359,2009-10-17,1,10,19,20,24,40,23,1,8,1286712600
885,358,2009-10-10,1,9,10,12,21,40,37,1,3,3472654900
886,357,2009-10-03,10,14,18,21,36,37,5,1,2,5313394350
887,356,2009-09-26,2,8,14,25,29,45,24,1,9,1157185267
888,355,2009-09-19,5,8,29,30,35,44,38,1,5,2145424800
889,354,2009-09-12,14,19,36,43,44,45,1,1,5,2124464340
890,353,2009-09-05,11,16,19,22,29,36,26,1,2,5290838250
891,352,2009-08-29,5,16,17,20,26,41,24,1,6,1732858250
892,351,2009-08-22,5,25,27,29,34,36,33,1,4,2583357150
893,350,2009-08-15,1,8,18,24,29,33,35,1,9,1101052467
894,349,2009-08-08,5,13,14,20,24,25,36,1,3,3353209000
895,348,2009-08-01,3,14,17,20,24,31,34,1,3,3299994000
896,347,2009-07-25,3,8,13,27,32,42,10,1,7,1456624286
897,346,2009-07-18,5,13,14,22,44,45,33,1,5,2017727340
898,345,2009-07-11,15,20,23,29,39,42,2,1,2,5203577550
899,344,2009-07-04,1,2,15,28,34,45,38,1,7,1467106543
900,343,2009-06-27,1,10,17,29,31,43,15,1,6,1717153000
901,342,2009-06-20,1,13,14,33,34,43,25,1,3,3454095800
902,341,2009-06-13,1,8,19,34,39,43,41,1,7,1497207772
903,340,2009-06-06,18,24,26,29,34,38,32,1,7,1439393186
904,339,2009-05-30,6,8,14,21,30,37,45,1,9,1096778334
905,338,2009-05-23,2,13,34,38,42,45,16,1,3,3383431000
906,337,2009-05-16,1,5,14,18,32,37,4,1,8,1257500513
907,336,2009-05-09,3,5,20,34,35,44,16,1,6,1685632650
908,335,2009-05-02,5,9,16,23,26,45,21,1,5,2037492480
909,334,2009-04-25,13,15,21,29,39,43,33,1,7,1523002972
910,333,2009-04-18,5,14,27,30,39,43,35,1,7,1550987143
911,332,2009-04-11,16,17,34,36,42,45,3,1,8,1359448388
912,331,2009-04-04,4,9,14,26,31,44,39,1,5,2165902620
913,330,2009-03-28,3,4,16,17,19,20,23,1,9,1162280200
914,329,2009-03-21,9,17,19,30,35,42,4,1,6,1830391200
915,328,2009-03-14,1,6,9,16,17,28,24,1,6,1819795900
916,327,2009-03-07,6,12,13,17,32,44,24,1,12,882674750
917,326,2009-02-28,16,23,25,33,36,39,40,1,6,1832134550
918,325,2009-02-21,7,17,20,32,44,45,33,1,6,1806122450
919,324,2009-02-14,2,4,21,25,33,36,17,1,6,1865130350
920,323,2009-02-07,10,14,15,32,36,42,3,1,8,1461025388
921,322,2009-01-31,9,18,29,32,38,43,20,1,6,1904544700
922,321,2009-01-24,12,18,20,21,25,34,42,1,6,1959136100
923,320,2009-01-17,16,19,23,25,41,45,3,1,2,5513067900
924,319,2009-01-10,5,8,22,28,33,42,37,1,5,2135659380
925,318,2009-01-03,2,17,19,20,34,45,21,1,9,1207436600
926,317,2008-12-27,3,10,11,22,36,39,8,1,4,2576258550
927,316,2008-12-20,10,11,21,27,31,39,43,1,6,1673586400
928,315,2008-12-13,1,13,33,35,43,45,23,1,8,1308728625
929,314,2008-12-06,15,17,19,34,38,41,2,1,6,1660512200
930,313,2008-11-29,9,17,34,35,43,45,2,1,6,1715422800
931,312,2008-11-22,2,3,5,6,12,20,25,1,15,629017820
932,311,2008-11-15,4,12,24,27,28,32,10,1,8,1237691063
933,310,2008-11-08,1,5,19,28,34,41,16,1,8,1296713325
934,309,2008-11-01,1,2,5,11,18,36,22,1,11,901622946
935,308,2008-10-25,14,15,17,19,37,45,40,1,1,10232872800
936,307,2008-10-18,5,15,21,23,25,45,12,1,4,2587643250
937,306,2008-10-11,4,18,23,30,34,41,19,1,5,2102669520
938,305,2008-10-04,7,8,18,21,23,39,9,1,5,2008210140
939,304,2008-09-27,4,10,16,26,33,41,38,1,6,1661646150
940,303,2008-09-20,2,14,17,30,38,45,43,1,6,1672749000
941,302,2008-09-13,13,19,20,32,38,42,4,1,2,5472167250
942,301,2008-09-06,7,11,13,33,37,43,26,1,7,1447385015
943,300,2008-08-30,7,9,10,12,26,38,39,1,12,836092425
944,299,2008-08-23,1,3,20,25,36,45,24,1,7,1483772529
945,298,2008-08-16,5,9,27,29,37,40,19,1,1,9909778500
946,297,2008-08-09,6,11,19,20,28,32,34,1,2,5056668750
947,296,2008-08-02,3,8,15,27,30,45,44,1,8,3066088275
948,295,2008-07-26,1,4,12,16,18,38,8,1,0,0
949,294,2008-07-19,6,10,17,30,37,38,40,1,4,2406504975
950,293,2008-07-12,1,9,17,21,29,33,24,1,6,1656764400
951,292,2008-07-05,17,18,31,32,33,34,10,1,14,720373950
952,291,2008-06-28,3,7,8,18,20,42,45,1,7,1450585200
953,290,2008-06-21,8,13,18,32,39,45,7,1,13,2149214424
954,289,2008-06-14,3,14,33,37,38,42,10,1,0,0
955,288,2008-06-07,1,12,17,28,35,41,10,1,4,2357261550
956,287,2008-05-31,6,12,24,27,35,37,41,1,7,1328657100
957,286,2008-05-24,1,15,19,40,42,44,17,1,3,3236566300
958,285,2008-05-17,13,33,37,40,41,45,2,1,3,3164370100
959,284,2008-05-10,2,7,15,24,30,45,28,1,3,3117640300
960,283,2008-05-03,6,8,18,31,38,45,42,1,3,3137224600
961,282,2008-04-26,2,5,10,18,31,32,30,1,7,1322052643
962,281,2008-04-19,1,3,4,6,14,41,12,1,6,1554683200
963,280,2008-04-12,10,11,23,24,36,37,35,1,7,1355258529
964,279,2008-04-05,7,16,31,36,37,38,11,1,5,1914205320
965,278,2008-03-29,3,11,37,39,41,43,13,1,3,3186530000
966,277,2008-03-22,10,12,13,15,25,29,20,1,3,3272627800
967,276,2008-03-15,4,15,21,33,39,41,25,1,3,3312569000
968,275,2008-03-08,14,19,20,35,38,40,26,1,1,10044066900
969,274,2008-03-01,13,14,15,26,35,39,25,1,4,2505085575
970,273,2008-02-23,1,8,24,31,34,44,6,1,3,3339543100
971,272,2008-02-16,7,9,12,27,39,43,28,1,9,1104622800
972,271,2008-02-09,3,8,9,27,29,40,36,1,6,1565918150
973,270,2008-02-02,5,9,12,20,21,26,27,1,5,1927830060
974,269,2008-01-26,5,18,20,36,42,43,32,1,5,1961399940
975,268,2008-01-19,3,10,19,24,32,45,12,1,7,1350954515
976,267,2008-01-12,7,8,24,34,36,41,1,1,3,3257663300
977,266,2008-01-05,3,4,9,11,22,42,37,1,3,3207211700
978,265,2007-12-29,5,9,34,37,38,39,12,1,8,1200838575
979,264,2007-12-22,9,16,27,36,41,44,5,1,7,1344889200
980,263,2007-12-15,1,27,28,32,37,40,18,1,6,1551704900
981,262,2007-12-08,9,12,24,25,29,31,36,1,2,4518741600
982,261,2007-12-01,6,11,16,18,31,43,2,1,3,3192299100
983,260,2007-11-24,7,12,15,24,37,40,43,1,4,2310085575
984,259,2007-11-17,4,5,14,35,42,45,34,1,2,4838533500
985,258,2007-11-10,14,27,30,31,38,40,17,1,4,2426434350
986,257,2007-11-03,6,13,27,31,32,37,4,1,4,2391377025
987,256,2007-10-27,4,11,14,21,23,43,32,1,2,4891017000
988,255,2007-10-20,1,5,6,24,27,42,32,1,6,1598618550
989,254,2007-10-13,1,5,19,20,24,30,27,1,1,9741015900
990,253,2007-10-06,8,19,25,31,34,36,33,1,4,2466189525
991,252,2007-09-29,14,23,26,31,39,45,28,1,7,1391089715
992,251,2007-09-22,6,7,19,25,28,38,45,1,8,1282616400
993,250,2007-09-15,19,23,30,37,43,45,38,1,5,1994726280
994,249,2007-09-08,3,8,27,31,41,44,11,1,6,1663568700
995,248,2007-09-01,3,8,17,23,38,45,13,1,8,1227479363
996,247,2007-08-25,12,15,28,36,39,40,13,1,6,1669313900
997,246,2007-08-18,13,18,21,23,26,39,15,1,5,1911774240
998,245,2007-08-11,9,11,27,31,32,38,22,1,7,1382583129
999,244,2007-08-04,13,16,25,36,37,38,19,1,1,9121583100
1000,243,2007-07-28,2,12,17,19,28,42,34,1,4,2408850000
1001,242,2007-07-21,4,19,20,21,32,34,43,1,8,1234542375
1002,241,2007-07-14,2,16,24,27,28,35,21,1,4,2552016300
1003,240,2007-07-07,6,10,16,40,41,43,21,1,2,5098251450
1004,239,2007-06-30,11,15,24,39,41,44,7,1,9,1134140167
1005,238,2007-06-23,2,4,15,28,31,34,35,1,9,1121660567
1006,237,2007-06-16,1,11,17,21,24,44,33,1,7,1440630729
1007,236,2007-06-09,1,4,8,13,37,39,7,1,2,5030040150
1008,235,2007-06-02,21,22,26,27,31,37,8,1,3,3433330100
1009,234,2007-05-26,13,21,22,24,26,37,4,1,4,2519743875
1010,233,2007-05-19,4,6,13,17,28,40,39,1,10,999153750
1011,232,2007-05-12,8,9,10,12,24,44,35,1,9,1110918400
1012,231,2007-05-05,5,10,19,31,44,45,27,1,9,1088365900
1013,230,2007-04-28,5,11,14,29,32,33,12,1,8,1292929163
1014,229,2007-04-21,4,5,9,11,23,38,35,1,7,1451441100
1015,228,2007-04-14,17,25,35,36,39,44,23,1,9,1146700334
1016,227,2007-04-07,4,5,15,16,22,42,2,1,2,5253542400
1017,226,2007-03-31,2,6,8,14,21,22,34,1,6,1744100150
1018,225,2007-03-24,5,11,13,19,31,36,7,1,6,1777201800
1019,224,2007-03-17,4,19,26,27,30,42,7,1,6,1808969950
1020,223,2007-03-10,1,3,18,20,26,27,38,1,7,1498170600
1021,222,2007-03-03,5,7,28,29,39,43,44,1,5,2275193820
1022,221,2007-02-24,2,20,33,35,37,40,10,1,6,1800104250
1023,220,2007-02-17,5,11,19,21,34,43,31,1,6,1958094950
1024,219,2007-02-10,4,11,20,26,35,37,16,1,9,1208409167
1025,218,2007-02-03,1,8,14,18,29,44,20,1,4,2779075800
1026,217,2007-01-27,16,20,27,33,35,39,38,1,7,1611246172
1027,216,2007-01-20,7,16,17,33,36,40,1,1,13,848506108
1028,215,2007-01-13,2,3,7,15,43,44,4,1,7,1587689615
1029,214,2007-01-06,5,7,20,25,28,37,32,1,8,1406980875
1030,213,2006-12-30,2,3,4,5,20,24,42,1,8,1376678025
1031,212,2006-12-23,11,12,18,21,31,38,8,1,4,2660747250
1032,211,2006-12-16,12,13,17,20,33,41,8,1,10,1035800250
1033,210,2006-12-09,10,19,22,23,25,37,39,1,2,5139085950
1034,209,2006-12-02,2,7,18,20,24,33,37,1,6,1660896350
1035,208,2006-11-25,14,25,31,34,40,44,24,1,6,1760767400
1036,207,2006-11-18,3,11,14,31,32,37,38,1,5,2104673760
1037,206,2006-11-11,1,2,3,15,20,25,43,1,5,2032859340
1038,205,2006-11-04,1,3,21,29,35,37,30,1,6,1835221800
1039,204,2006-10-28,3,12,14,35,40,45,5,1,8,1358347125
1040,203,2006-10-21,1,3,11,24,30,32,7,1,5,2164564740
1041,202,2006-10-14,12,14,27,33,39,44,17,1,6,1893391700
1042,201,2006-10-07,3,11,24,38,39,44,26,1,1,9719465400
1043,200,2006-09-30,5,6,13,14,17,20,7,1,8,1344616613
1044,199,2006-09-23,14,21,22,25,30,36,43,1,2,5344252200
1045,198,2006-09-16,12,19,20,25,41,45,2,1,6,1797855050
1046,197,2006-09-09,7,12,16,34,42,45,4,1,6,1803018300
1047,196,2006-09-02,35,36,37,41,44,45,30,1,15,727876520
1048,195,2006-08-26,7,10,19,22,35,40,31,1,11,918992591
1049,194,2006-08-19,15,20,23,26,39,44,28,1,4,2650567875
1050,193,2006-08-12,6,14,18,26,36,39,13,1,3,3404449700
1051,192,2006-08-05,4,8,11,18,37,45,33,1,4,2445348375
1052,191,2006-07-29,5,6,24,25,32,37,8,1,4,2577114675
1053,190,2006-07-22,8,14,18,30,31,44,15,1,6,1784159450
1054,189,2006-07-15,8,14,32,35,37,45,28,1,3,3461775100
1055,188,2006-07-08,19,24,27,30,31,34,36,1,3,3501405200
1056,187,2006-07-01,1,2,8,18,29,38,42,1,7,1544733900
1057,186,2006-06-24,4,10,14,19,21,45,9,1,9,1187882600
1058,185,2006-06-17,1,2,4,8,19,38,14,1,3,3522485800
1059,184,2006-06-10,1,2,6,16,20,33,41,1,6,1747753050
1060,183,2006-06-03,2,18,24,34,40,42,5,1,6,1777221500
1061,182,2006-05-27,13,15,27,29,34,40,35,1,3,3721439400
1062,181,2006-05-20,14,21,23,32,40,45,44,1,6,1941763300
1063,180,2006-05-13,2,15,20,21,29,34,22,1,2,5763371550
1064,179,2006-05-06,5,9,17,25,39,43,32,1,10,1081093920
1065,178,2006-04-29,1,5,11,12,18,23,9,1,5,2254621080
1066,177,2006-04-22,1,10,13,16,37,43,6,1,7,1693285500
1067,176,2006-04-15,4,17,30,32,33,34,15,1,5,2314663080
1068,175,2006-04-08,19,26,28,31,33,36,17,1,5,2371132620
1069,174,2006-04-01,13,14,18,22,35,39,16,1,7,1771103058
1070,173,2006-03-25,3,9,24,30,33,34,18,1,8,1487736788
1071,172,2006-03-18,4,19,21,24,26,41,35,1,11,1081154073
1072,171,2006-03-11,4,16,25,29,34,35,1,1,6,1961339700
1073,170,2006-03-04,2,11,13,15,31,42,10,1,6,1923108250
1074,169,2006-02-25,16,27,35,37,43,45,19,1,5,2482888380
1075,168,2006-02-18,3,10,31,40,42,43,30,1,5,2349946920
1076,167,2006-02-11,24,27,28,30,36,39,4,1,5,2491222920
1077,166,2006-02-04,9,12,27,36,39,45,14,1,11,1111299982
1078,165,2006-01-28,5,13,18,19,22,42,31,1,2,6767426700
1079,164,2006-01-21,6,9,10,11,39,41,27,1,3,4054937900
1080,163,2006-01-14,7,11,26,28,29,44,16,1,7,1629726515
1081,162,2006-01-07,1,5,21,25,38,41,24,1,5,2308265760
1082,161,2005-12-31,22,34,36,40,42,45,44,1,7,1996876272
1083,160,2005-12-24,3,7,8,34,39,41,1,1,2,5490805350
1084,159,2005-12-17,1,18,30,41,42,43,32,1,6,1755407300
1085,158,2005-12-10,4,9,13,18,21,34,7,1,10,1069544340
1086,157,2005-12-03,19,26,30,33,35,39,37,1,2,5484903750
1087,156,2005-11-26,5,18,28,30,42,45,2,1,8,1401099900
1088,155,2005-11-19,16,19,20,32,33,41,4,1,9,1193005734
1089,154,2005-11-12,6,19,21,35,40,45,20,1,4,2836628700
1090,153,2005-11-05,3,8,11,12,13,36,33,1,4,2730526125
1091,152,2005-10-29,1,5,13,26,29,34,43,1,5,2278131840
1092,151,2005-10-22,1,2,10,13,18,19,15,1,4,2716634025
1093,150,2005-10-15,2,18,25,28,37,39,16,1,4,2831645850
1094,149,2005-10-08,2,11,21,34,41,42,27,1,7,1639052143
1095,148,2005-10-01,21,25,33,34,35,36,17,1,5,2323596420
1096,147,2005-09-24,4,6,13,21,40,42,36,1,7,1700040215
1097,146,2005-09-17,2,19,27,35,41,42,25,1,2,6043415250
1098,145,2005-09-10,2,3,13,20,27,44,9,1,3,3797838200
1099,144,2005-09-03,4,15,17,26,36,37,43,1,8,1402440413
1100,143,2005-08-27,26,27,28,42,43,45,8,1,3,3954584700
1101,142,2005-08-20,12,16,30,34,40,44,19,1,11,1018265564
1102,141,2005-08-13,8,12,29,31,42,43,2,1,6,1900552400
1103,140,2005-08-06,3,13,17,18,19,28,8,1,5,2109462840
1104,139,2005-07-30,9,11,15,20,28,43,13,1,7,1650210215
1105,138,2005-07-23,10,11,27,28,37,39,19,1,5,2227152000
1106,137,2005-07-16,7,9,20,25,36,39,15,1,9,1270403467
1107,136,2005-07-09,2,16,30,36,41,42,11,1,6,1997694150
1108,135,2005-07-02,6,14,22,28,35,39,16,1,7,1717293515
1109,134,2005-06-25,3,12,20,23,31,35,43,1,5,2349155100
1110,133,2005-06-18,4,7,15,18,23,26,13,1,8,1450242600
1111,132,2005-06-11,3,17,23,34,41,45,43,1,4,2920473525
1112,131,2005-06-04,8,10,11,14,15,21,37,1,8,1451214488
1113,130,2005-05-28,7,19,24,27,42,45,31,1,4,3036496650
1114,129,2005-05-21,19,23,25,28,38,42,17,1,11,1093629655
1115,128,2005-05-14,12,30,34,36,37,45,39,1,6,2064043100
1116,127,2005-05-07,3,5,10,29,32,43,35,1,6,1965939150
1117,126,2005-04-30,7,20,22,27,40,43,1,1,9,1369301500
1118,125,2005-04-23,2,8,32,33,35,36,18,1,7,1754870786
1119,124,2005-04-16,4,16,23,25,29,42,1,1,9,1395936267
1120,123,2005-04-09,7,17,18,28,30,45,27,1,5,2532982680
1121,122,2005-04-02,1,11,16,17,36,40,8,1,9,1450073800
1122,121,2005-03-26,12,28,30,34,38,43,9,1,2,6839648100
1123,120,2005-03-19,4,6,10,11,32,37,30,1,3,4364530300
1124,119,2005-03-12,3,11,13,14,17,21,38,1,9,1474899400
1125,118,2005-03-05,3,4,10,17,19,22,38,1,10,1297989720
1126,117,2005-02-26,5,10,22,34,36,44,35,1,9,1558378334
1127,116,2005-02-19,2,4,25,31,34,37,17,1,7,1997747315
1128,115,2005-02-12,1,2,6,9,25,28,31,1,9,1488589567
1129,114,2005-02-05,11,14,19,26,28,41,2,1,6,2362345050
1130,113,2005-01-29,4,9,28,33,36,45,26,1,9,1561528934
1131,112,2005-01-22,26,29,30,33,41,42,43,1,9,1567271167
1132,111,2005-01-15,7,18,31,33,36,40,27,1,6,2199047450
1133,110,2005-01-08,7,20,22,23,29,43,1,1,3,4566262000
1134,109,2005-01-01,1,5,34,36,42,44,33,1,12,1246838200
1135,108,2004-12-25,7,18,22,23,29,44,12,1,7,1998900772
1136,107,2004-12-18,1,4,5,6,9,31,17,1,2,6679927800
1137,106,2004-12-11,4,10,12,22,24,33,29,1,16,810461157
1138,105,2004-12-04,8,10,20,34,41,45,28,1,4,3416781450
1139,104,2004-11-27,17,32,33,34,42,44,35,1,2,6610743750
1140,103,2004-11-20,5,14,15,27,30,45,10,1,8,1691589563
1141,102,2004-11-13,17,22,24,26,35,40,42,1,9,1457153067
1142,101,2004-11-06,1,3,17,32,35,45,8,1,5,2707297500
1143,100,2004-10-30,1,7,11,23,37,42,6,1,4,3315315525
1144,99,2004-10-23,1,3,10,27,29,37,11,1,6,2169219050
1145,98,2004-10-16,6,9,16,23,24,32,43,1,4,3177972300
1146,97,2004-10-09,6,7,14,15,20,36,3,1,9,1496214000
1147,96,2004-10-02,1,3,8,21,22,31,20,1,7,1847133515
1148,95,2004-09-25,8,17,27,31,34,43,14,1,8,1747741238
1149,94,2004-09-18,5,32,34,40,41,45,6,1,6,2245339950
1150,93,2004-09-11,6,22,24,36,38,44,19,1,6,2269178150
1151,92,2004-09-04,3,14,24,33,35,36,17,1,11,1233270846
1152,91,2004-08-28,1,21,24,26,29,42,27,1,4,3582902400
1153,90,2004-08-21,17,20,29,35,38,44,10,1,4,3291435300
1154,89,2004-08-14,4,26,28,29,33,40,37,1,3,4248321900
1155,88,2004-08-07,1,17,20,24,30,41,27,1,4,3069709650
1156,87,2004-07-31,4,12,16,23,34,43,26,1,11,1799358055
1157,86,2004-07-24,2,12,37,39,41,45,33,1,1,14252186400
1158,85,2004-07-17,6,8,13,23,31,36,21,1,4,3462109800
1159,84,2004-07-10,16,23,27,34,42,45,11,1,2,7669779000
1160,83,2004-07-03,6,10,15,17,19,34,14,1,2,7086948300
1161,82,2004-06-26,1,2,3,14,27,42,39,1,1,14562494400
1162,81,2004-06-19,5,7,11,13,20,33,6,1,5,2714288880
1163,80,2004-06-12,17,18,24,25,26,30,1,1,1,13809540000
1164,79,2004-06-05,3,12,24,27,30,32,14,1,4,3416443800
1165,78,2004-05-29,10,13,25,29,33,35,38,1,4,3519850000
1166,77,2004-05-22,2,18,29,32,43,44,37,1,3,5155758600
1167,76,2004-05-15,1,3,15,22,25,37,43,1,2,7451022600
1168,75,2004-05-08,2,5,24,32,34,44,28,1,4,3914616900
1169,74,2004-05-01,6,15,17,18,35,40,23,1,3,5284949800
1170,73,2004-04-24,3,12,18,32,40,43,38,1,6,2766662100
1171,72,2004-04-17,2,4,11,17,26,27,1,1,13,3260524600
1172,71,2004-04-10,5,9,12,16,29,41,21,1,0,0
1173,70,2004-04-03,5,19,22,25,28,43,26,1,3,5031277800
1174,69,2004-03-27,5,8,14,15,19,39,35,1,3,4962712200
1175,68,2004-03-20,10,12,15,16,26,39,38,1,5,2945882100
1176,67,2004-03-13,3,7,10,15,36,38,33,1,7,2114436500
1177,66,2004-03-06,2,3,7,17,22,24,45,1,4,3685138200
1178,65,2004-02-28,4,25,33,36,40,43,39,1,4,3727945800
1179,64,2004-02-21,14,15,18,21,26,36,39,1,4,3899818000
1180,63,2004-02-14,3,20,23,36,38,40,5,1,2,7922245500
1181,62,2004-02-07,3,8,15,27,29,35,21,1,1,15817286400
1182,61,2004-01-31,14,15,19,30,38,43,8,1,5,3541038800
1183,60,2004-01-24,2,8,25,36,39,42,11,1,7,2172504600
1184,59,2004-01-17,6,29,36,39,41,45,13,1,4,4127587300
1185,58,2004-01-10,10,24,25,33,40,44,1,1,4,3676429200
1186,57,2004-01-03,7,10,16,25,29,44,6,1,4,4114411900
1187,56,2003-12-27,10,14,30,31,33,37,19,1,4,3777570900
1188,55,2003-12-20,17,21,31,37,40,44,7,1,2,7088799600
1189,54,2003-12-13,1,8,21,27,36,39,37,1,3,5148626600
1190,53,2003-12-06,7,8,14,32,33,39,42,1,3,5014371000
1191,52,2003-11-29,2,4,15,16,20,29,1,1,4,3900844900
1192,51,2003-11-22,2,3,11,16,26,44,35,1,6,2421117000
1193,50,2003-11-15,2,10,12,15,22,44,1,1,3,5227061400
1194,49,2003-11-08,4,7,16,19,33,40,30,1,7,1967504600
1195,48,2003-11-01,6,10,18,26,37,38,3,1,6,2415673600
1196,47,2003-10-25,14,17,26,31,36,45,27,1,5,3250042400
1197,46,2003-10-18,8,13,15,23,31,38,39,1,3,5327758800
1198,45,2003-10-11,1,10,20,27,33,35,17,1,2,8356417800
1199,44,2003-10-04,3,11,21,30,38,45,39,1,5,3362155800
1200,43,2003-09-27,6,31,35,38,39,44,1,1,1,17749630800
1201,42,2003-09-20,17,18,19,21,23,32,1,1,6,6899280100
1202,41,2003-09-13,13,20,23,35,38,43,34,1,0,0
1203,40,2003-09-06,7,13,18,19,25,26,6,1,13,1147652400
1204,39,2003-08-30,6,7,13,15,21,43,8,1,6,2623748800
1205,38,2003-08-23,16,17,22,30,37,43,36,1,3,5374866400
1206,37,2003-08-16,7,27,30,33,35,37,42,1,3,4985999400
1207,36,2003-08-09,1,10,23,26,28,40,31,1,1,16014475800
1208,35,2003-08-02,2,3,11,26,37,43,39,1,3,5054598200
1209,34,2003-07-26,9,26,35,37,40,42,2,1,5,3056918000
1210,33,2003-07-19,4,7,32,33,40,41,9,1,1,14903517600
1211,32,2003-07-12,6,14,19,25,34,44,11,1,10,1634528300
1212,31,2003-07-05,7,9,18,23,28,35,32,1,2,8106672900
1213,30,2003-06-28,8,17,20,35,36,44,4,1,2,8728555500
1214,29,2003-06-21,1,5,13,34,39,40,11,1,5,3552594000
1215,28,2003-06-14,9,18,23,25,35,37,1,1,10,1700361100
1216,27,2003-06-07,1,20,26,28,37,43,27,1,2,9543982500
1217,26,2003-05-31,4,5,7,18,20,25,31,1,5,3495069900
1218,25,2003-05-24,2,4,21,26,43,44,16,1,2,24227745300
1219,24,2003-05-17,7,8,27,29,36,43,6,1,0,0
1220,23,2003-05-10,5,13,17,18,33,42,44,1,4,4317947700
1221,22,2003-05-03,4,5,6,8,17,39,25,1,4,4552194900
1222,21,2003-04-26,6,12,17,18,31,32,21,1,23,797475400
1223,20,2003-04-19,10,14,18,20,23,30,41,1,1,19352212800
1224,19,2003-04-12,6,30,38,39,40,43,26,1,1,40722959400
1225,18,2003-04-05,3,12,13,19,32,35,29,1,0,0
1226,17,2003-03-29,3,4,9,17,32,37,1,1,3,5349491200
1227,16,2003-03-22,6,7,24,37,38,40,33,1,4,4377146100
1228,15,2003-03-15,3,4,16,30,31,37,13,1,1,17014245000
1229,14,2003-03-08,2,6,12,31,33,40,15,1,4,9375048300
1230,13,2003-03-01,22,23,25,37,38,42,26,1,0,0
1231,12,2003-02-22,2,11,21,25,39,45,44,1,12,1348845700
1232,11,2003-02-15,1,7,36,37,41,42,14,1,5,4780152300
1233,10,2003-02-08,9,25,30,33,41,44,6,1,13,6430437900
1234,9,2003-02-01,2,4,16,17,36,39,14,1,0,0
1235,8,2003-01-25,8,19,25,34,37,39,9,1,0,0
1236,7,2003-01-18,2,9,16,25,26,40,42,1,0,0
1237,6,2003-01-11,14,15,26,27,40,42,34,1,1,6574451700
1238,5,2003-01-04,16,24,29,40,41,42,3,1,0,0
1239,4,2002-12-28,14,27,30,31,40,42,2,1,0,0
1240,3,2002-12-21,11,16,19,21,27,31,30,1,1,2000000000
1241,2,2002-12-14,9,13,21,25,32,42,2,1,1,2002006800
1242,1,2002-12-07,10,23,29,33,37,40,16,1,0,0
